;Atlasova;Shumshu;Paramushir;Antciferova;Makanrushi;Onekotan;Kharimkotan;Chirinkotan;Ekarma;Shiashkotan;Raykoke;Matua;Rashua;Ushishir;Ketoy;Simushir;Broutona;Chirpoy;Brat.Chirpoev;Urup;Iturup;Kunashir;Shikotan;Polonskogo;Zeleny;Tanfileva;Yuriy;Demina;Storozhevoy;Anuchina
Diphasiastrum.alpinum;1;1;1;0;0;1;1;0;0;1;1;1;1;1;0;1;0;0;0;0;1;0;0;0;0;0;0;0;0;0
Diphasiastrum.complanatum;0;1;1;0;0;1;1;0;0;1;1;1;0;0;1;1;0;1;0;1;1;1;1;0;0;0;0;0;0;0
Diphasiastrum.sitchense;1;1;1;0;0;1;0;0;0;1;0;0;1;0;1;1;0;1;0;1;1;1;0;0;0;0;0;0;0;0
Huperzia.miyoshiana;0;1;1;0;0;1;0;0;0;0;0;0;0;1;0;1;0;1;1;1;1;1;1;0;0;0;0;0;0;0
Huperzia.petrovii;0;1;1;0;0;1;0;0;0;0;0;0;0;0;0;0;0;0;0;0;1;0;0;0;0;0;0;0;0;0
Huperzia.selago;1;1;1;0;0;1;1;1;1;1;1;1;1;1;1;1;0;1;1;1;1;1;1;0;0;0;0;0;0;0
Huperzia.serrata;0;0;0;0;0;0;0;0;0;0;0;0;0;0;0;0;0;0;0;1;1;1;1;0;0;0;0;0;0;0
Lycopodium.annotinum;0;0;1;0;0;0;0;0;0;0;0;0;0;0;0;0;0;0;0;1;1;1;1;0;0;0;0;0;0;0
Lycopodium.clavatum;1;1;1;0;1;1;1;0;1;1;1;1;1;1;1;1;0;1;0;1;1;1;1;0;0;1;0;0;0;0
Lycopodium.dubium;0;0;1;0;0;0;0;0;0;0;0;0;0;0;0;0;0;0;0;0;0;0;0;0;0;0;0;0;0;0
Lycopodium.juniperoideum;0;1;1;0;0;1;1;0;0;1;0;0;1;1;1;1;0;1;0;1;1;1;1;0;0;0;0;0;0;0
Lycopodium.obscurum;0;0;0;0;0;0;0;0;0;0;0;0;0;0;0;0;0;0;0;0;1;1;1;0;0;0;0;0;0;0
Lycopodium.subarcticum;0;1;1;0;1;1;1;0;0;1;0;1;1;1;1;1;0;1;1;1;1;1;1;0;0;0;0;0;0;0
Selaginella.helvetica;0;0;0;0;0;0;0;0;0;0;0;0;0;0;0;0;0;1;1;1;1;1;1;0;0;0;0;0;0;0
Selaginella.selaginoides;0;1;1;0;0;1;1;0;0;0;0;0;1;0;1;1;0;1;1;1;1;0;0;0;0;0;0;0;0;0
Selaginella.shakotanensis;0;0;0;0;0;0;0;0;0;0;0;0;0;0;0;0;0;0;0;0;1;1;1;0;0;0;0;0;0;0
Isoetes.asiatica;0;1;1;0;0;1;0;0;0;0;0;0;0;0;0;0;0;0;0;0;1;1;0;0;0;0;0;0;0;0
Psilotum.nudum;0;0;0;0;0;0;0;0;0;0;0;0;0;0;0;0;0;0;0;0;0;1;0;0;0;0;0;0;0;0
Equisetum.arvense;1;1;1;0;1;1;1;0;1;1;0;1;1;1;1;1;0;0;0;1;1;1;1;1;1;1;1;0;0;1
Equisetum.fluviatile;0;1;1;0;0;0;0;0;0;0;0;0;0;0;0;0;0;0;0;1;1;1;1;0;0;0;0;0;0;0
Equisetum.hyemale;0;1;1;0;1;0;0;0;0;0;0;1;1;1;1;1;0;0;0;1;1;1;1;0;0;0;1;0;0;0
Equisetum.palustre;0;1;1;0;1;1;0;0;0;0;0;1;1;1;1;1;0;0;0;1;1;1;1;0;1;0;0;0;0;0
Equisetum.pratense;0;1;0;0;0;0;0;0;0;0;0;0;1;1;0;0;0;0;0;1;1;1;1;0;0;0;0;0;0;0
Equisetum.sylvaticum;0;1;1;0;0;0;0;0;0;0;0;0;0;0;0;0;0;0;0;0;0;0;1;0;0;0;0;0;0;0
Equisetum.variegatum;0;0;1;0;0;0;0;0;0;0;0;0;0;0;0;0;0;0;0;1;1;0;0;0;0;0;0;0;0;0
Botrychium.boreale;1;1;1;0;0;1;0;0;0;0;0;0;0;0;0;0;0;0;0;0;0;0;0;0;0;0;0;0;0;0
Botrychium.lanceolatum;1;1;1;0;1;1;0;0;0;1;0;0;0;0;0;1;0;0;0;1;1;1;0;0;0;0;0;0;0;0
Botrychium.lunaria;1;1;1;0;0;1;1;0;0;0;1;1;1;1;0;1;0;0;1;1;1;1;1;0;0;0;0;0;0;0
Botrychium.robustum;1;1;1;0;0;1;1;0;0;0;1;1;0;0;0;1;0;0;1;1;1;1;1;0;0;1;0;0;0;1
Ophioglossum.thermale;0;0;0;0;0;0;0;0;0;0;0;0;0;0;0;0;0;0;0;0;0;1;0;0;0;0;0;0;0;0
Ophioglossum.vulgatum;0;0;0;0;0;0;0;0;0;0;0;0;0;0;0;0;0;0;0;0;0;0;1;0;0;0;0;0;0;0
Osmunda.japonica;0;0;0;0;0;0;0;0;0;0;0;0;0;0;0;0;0;0;0;0;1;1;0;0;0;0;0;0;0;0
Osmundastrum.asiaticum;0;0;0;0;0;0;0;0;0;0;0;0;0;0;0;0;0;0;0;1;1;1;1;0;0;0;0;0;0;0
Plagiogyria.matsumureana;0;0;0;0;0;0;0;0;0;0;0;0;0;0;0;0;0;0;0;1;1;0;0;0;0;0;0;0;0;0
Adiantum.pedatum;0;0;0;0;0;0;0;0;0;0;0;0;0;0;0;0;0;0;0;0;0;1;1;0;0;0;0;0;0;0
Coniogramme.intermedia;0;0;0;0;0;0;0;0;0;0;0;0;0;0;0;0;0;0;0;0;1;1;1;0;0;0;0;0;0;0
Cryptogramma.gorovoii;0;0;0;0;0;0;0;0;0;0;0;0;0;0;0;0;0;0;0;0;0;1;1;0;0;0;0;0;0;0
Arachniodes.miqueliana;0;0;0;0;0;0;0;0;0;0;0;0;0;0;0;0;0;0;0;0;0;1;0;0;0;0;0;0;0;0
Arachniodes.mutica;0;0;0;0;0;0;0;0;0;0;0;0;0;0;0;0;0;0;0;1;1;1;0;0;0;0;0;0;0;0
Dryopteris.crassirhizoma;0;0;0;0;0;0;0;0;0;0;0;0;0;0;0;0;0;0;0;0;1;1;1;0;0;0;0;0;0;0
Dryopteris.expansa;1;1;1;1;1;1;1;0;1;1;1;1;1;1;1;1;0;1;0;1;1;1;1;0;0;0;0;0;0;0
Dryopteris.fragrans;0;0;0;0;0;0;0;0;0;0;0;0;0;0;0;0;0;0;0;0;0;0;0;0;0;0;0;0;0;0
Dryopteris.fragrantiformis;0;0;0;0;0;0;0;0;0;0;0;0;0;0;0;0;0;0;0;1;1;1;1;0;0;0;0;0;0;0
Dryopteris.monticola;0;0;0;0;0;0;0;0;0;0;0;0;0;0;0;0;0;0;0;0;0;1;1;0;0;0;0;0;0;0
Lepisorus.thunbergianus;0;0;0;0;0;0;0;0;0;0;0;0;0;0;0;0;0;0;0;0;0;1;0;0;0;0;0;0;0;0
Lepisorus.ussuriensis;0;0;0;0;0;0;0;0;0;0;0;0;0;0;0;0;0;0;0;0;0;1;1;0;0;0;0;0;0;0
Polypodium.fauriei;0;0;0;0;0;0;0;0;0;0;0;0;0;0;0;0;0;0;0;0;0;1;1;0;0;0;0;0;0;0
Polypodium.sibiricum;0;0;0;0;0;0;0;0;0;0;0;0;0;0;0;0;0;0;0;1;1;1;0;0;0;0;0;0;0;0
Polypodium.vulgare;0;0;0;0;0;0;0;0;0;0;0;0;0;0;0;0;0;0;0;1;1;1;1;0;0;0;0;0;0;0
Polystichum.braunii;1;1;1;0;1;1;0;0;1;1;0;1;1;1;1;1;0;0;0;1;1;1;1;0;0;0;0;0;0;0
Polystichum.lonchitis;0;1;1;0;0;0;0;0;0;0;0;0;0;0;0;0;0;0;0;0;0;0;0;0;0;0;0;0;0;0
Polystichum.microchlamys;0;1;1;0;0;0;0;0;0;0;0;0;0;1;1;1;0;0;0;1;1;1;0;0;0;0;0;0;0;0
Polystichum.tripteron;0;0;0;0;0;0;0;0;0;0;0;0;0;0;0;0;0;0;0;0;1;1;1;0;0;0;0;0;0;0
Pteridium.aquilinum;0;0;0;0;0;0;0;0;0;0;0;0;0;0;0;0;0;0;0;1;1;1;1;0;1;1;1;0;0;0
Hymenophyllum.wrightii;0;0;0;0;0;0;0;0;0;0;0;0;0;0;0;0;0;0;0;0;1;1;1;0;1;0;0;0;0;0
Trichomanes.birmanicum;0;0;0;0;0;0;0;0;0;0;0;0;0;0;0;0;0;0;0;0;1;0;0;0;0;0;0;0;0;0
Asplenium.incisum;0;0;0;0;0;0;0;0;0;0;0;0;0;0;0;0;0;0;0;0;1;1;1;0;0;0;0;0;0;0
Athyrium.americanum;1;1;1;0;0;0;0;0;0;0;0;0;0;0;0;0;0;0;0;0;0;0;0;0;0;0;0;0;0;0
Athyrium.cyclosorum;1;0;0;0;0;1;0;0;0;0;0;0;0;0;0;0;0;0;0;0;0;0;0;0;0;0;0;0;0;0
Athyrium.filix-femina;1;1;1;0;1;1;1;0;0;1;0;1;1;1;1;1;0;0;0;1;1;1;1;1;1;1;1;0;0;0
Athyrium.nikkoense;0;0;0;0;0;0;0;0;0;0;0;0;0;0;0;0;0;0;0;0;0;1;1;0;0;0;0;0;0;0
Athyrium.rupestre;0;0;0;0;0;0;0;0;0;0;0;0;0;0;0;0;0;0;0;0;0;1;1;0;0;0;0;0;0;0
Athyrium.sinense;0;0;0;0;0;0;0;0;0;0;0;0;0;0;0;0;0;0;0;0;1;1;0;0;0;0;1;0;0;0
Athyrium.vidalii;0;0;0;0;0;0;0;0;0;0;0;0;0;0;0;0;0;0;0;0;1;1;0;0;0;0;0;0;0;0
Athyrium.wardii;0;0;0;0;0;0;0;0;0;0;0;0;0;0;0;0;0;0;0;0;1;1;0;0;0;0;0;0;0;0
Athyrium.yokoscense;0;0;0;0;0;0;0;0;0;0;0;0;0;0;0;0;0;0;0;0;0;1;1;0;0;0;0;0;0;0
Cystopteris.fragilis;1;1;1;0;0;0;0;0;0;1;0;0;0;0;1;1;0;0;0;1;1;1;1;0;0;0;0;0;0;0
Deparia.japonica;0;0;0;0;0;0;0;0;0;0;0;0;0;0;0;0;0;0;0;0;0;1;0;0;0;0;0;0;0;0
Deparia.pterorachis;0;0;1;0;0;0;0;0;0;0;0;0;0;0;0;0;0;0;0;1;0;1;1;0;0;0;0;0;0;0
Deparia.pycnosora;0;0;0;0;0;1;0;0;0;0;0;0;0;0;0;0;0;0;0;0;0;1;1;0;0;0;0;0;0;0
Gymnocarpium.dryopteris;1;1;1;0;0;1;0;0;0;1;0;0;0;0;0;0;0;0;0;1;1;1;0;0;0;0;0;0;0;0
Phyllitis.japonica;0;0;0;0;0;0;0;0;0;0;0;0;0;0;0;0;0;0;0;0;0;1;0;0;0;0;0;0;0;0
Matteuccia.struthiopteris;0;0;0;0;0;0;0;0;0;0;0;0;0;0;0;0;0;0;0;0;1;1;1;0;0;0;1;0;0;0
Onoclea.orientalis;0;0;0;0;0;0;0;0;0;0;0;0;0;0;0;0;0;0;0;0;0;1;0;0;0;0;0;0;0;0
Onoclea.sensibilis;0;0;0;0;0;0;0;0;0;0;0;0;0;0;0;0;0;0;0;0;0;1;1;1;0;1;1;0;0;0
Woodsia.polystichoides;0;0;0;0;0;0;0;0;0;0;0;0;0;0;0;0;0;0;0;1;1;1;1;0;0;0;0;0;0;0
Woodsia.subintermedia;0;0;0;0;0;0;0;0;0;0;0;0;0;0;0;0;0;0;0;0;0;1;0;0;0;0;0;0;0;0
Phegopteris.connectilis;1;1;1;0;0;0;0;0;0;0;0;0;0;0;0;0;0;0;0;1;1;1;1;0;0;0;0;0;0;0
Thelypteris.nipponica;0;0;0;0;0;0;0;0;0;0;0;0;0;0;0;0;0;0;0;0;1;1;0;0;0;0;0;0;0;0
Thelypteris.quelpartensis;1;1;1;0;1;1;1;0;0;1;0;0;1;0;1;1;0;0;0;1;1;1;1;0;0;0;0;0;0;0
Thelypteris.thelipterioides;0;0;0;0;0;0;0;0;0;0;0;0;0;0;0;1;0;0;1;1;0;1;1;1;1;1;1;0;0;0
Blechnum.hancockii;0;0;0;0;0;0;0;0;0;0;0;0;0;0;0;0;0;0;0;0;1;1;1;0;0;0;0;0;0;0
Abies.sachalinensis;0;0;0;0;0;0;0;0;0;0;0;0;0;0;0;0;0;0;0;0;1;1;1;0;0;0;0;0;0;0
Larix.kurilensis;0;0;0;0;0;0;0;0;0;0;0;0;0;0;0;0;0;0;0;0;1;0;1;0;0;0;0;0;0;0
Picea.glehnii;0;0;0;0;0;0;0;0;0;0;0;0;0;0;0;0;0;0;0;0;1;1;1;0;0;0;0;0;0;0
Picea.jezoensis;0;0;0;0;0;0;0;0;0;0;0;0;0;0;0;0;0;0;0;0;1;1;1;0;0;0;0;0;0;0
Pinus.parviflora;0;0;0;0;0;0;0;0;0;0;0;0;0;0;0;0;0;0;0;0;1;1;0;0;0;0;0;0;0;0
Pinus.pumila;0;1;1;0;1;1;1;0;0;1;0;1;1;1;1;1;0;0;1;1;1;1;0;0;0;0;0;0;0;0
Juniperus.sargentii;0;0;0;0;0;0;0;0;0;0;0;0;0;0;0;0;0;0;0;0;1;1;1;0;0;0;0;0;0;0
Juniperus.sibirica;0;0;0;0;0;0;0;0;0;0;0;0;0;0;1;0;0;0;0;0;1;1;1;0;0;0;0;0;0;0
Taxus.cuspidata;0;0;0;0;0;0;0;0;0;0;0;0;1;0;1;1;0;0;0;1;1;1;1;0;0;0;0;0;0;0
Magnolia.obovata;0;0;0;0;0;0;0;0;0;0;0;0;0;0;0;0;0;0;0;0;0;1;0;0;0;0;0;0;0;0
Schisandra.chinensis;0;0;0;0;0;0;0;0;0;0;0;0;0;0;0;0;0;0;0;0;1;1;1;0;0;0;0;0;0;0
Chloranthus.quadrifolius;0;0;0;0;0;0;0;0;0;0;0;0;0;0;0;0;0;0;0;0;0;1;1;0;0;0;1;0;0;0
Chloranthus.serratus;0;0;0;0;0;0;0;0;0;0;0;0;0;0;0;0;0;0;0;0;0;1;0;0;0;0;0;0;0;0
Asarum.heterotropoides;0;0;0;0;0;0;0;0;0;0;0;0;0;0;0;0;0;0;0;1;1;1;1;0;0;0;0;0;0;0
Nuphar.pumila;0;0;0;0;0;0;0;0;0;0;0;0;0;0;0;0;0;0;0;0;1;1;1;1;0;0;1;0;0;0
Nymphaea.tetragona;0;0;0;0;0;0;0;0;0;0;0;0;0;0;0;0;0;0;0;0;0;1;0;0;0;0;0;0;0;0
Ceratophyllum.demersum;0;0;0;0;0;0;0;0;0;0;0;0;0;0;0;0;0;0;0;0;1;0;0;0;0;0;0;0;0;0
Cercidiphyllum.japonicum;0;0;0;0;0;0;0;0;0;0;0;0;0;0;0;0;0;0;0;0;0;1;0;0;0;0;0;0;0;0
Caulophyllum.robustum;0;0;0;0;0;0;0;0;0;0;0;0;0;0;0;0;0;0;0;0;1;1;0;0;0;0;0;0;0;0
Diphylleia.grayi;0;0;0;0;0;0;0;0;0;0;0;0;0;0;0;0;0;0;0;0;1;1;0;0;0;0;0;0;0;0
Aconitum.kunasilense;0;0;0;0;0;0;0;0;0;0;0;0;0;0;0;0;0;0;0;0;0;1;0;0;0;0;0;0;0;0
Aconitum.kurilense;0;0;0;0;0;0;0;0;0;0;0;0;0;0;0;0;0;0;0;0;0;0;1;0;0;0;1;0;0;1
Aconitum.maximum;1;1;1;0;1;1;1;0;1;1;0;1;1;1;1;1;0;1;1;1;1;0;0;0;0;0;0;0;0;0
Aconitum.sachalinense;0;0;0;0;0;0;0;0;0;0;0;0;0;0;0;0;0;0;0;0;0;0;0;1;1;1;1;0;0;1
Actaea.rubra;0;1;1;0;0;1;0;0;0;0;0;0;0;0;0;0;0;0;0;1;1;1;1;0;0;0;0;0;0;0
Adonis.amurensis;0;0;0;0;0;0;0;0;0;0;0;0;0;0;0;0;0;0;0;0;1;1;1;0;0;0;0;0;0;0
Adonis.ramosa;0;0;0;0;0;0;0;0;0;0;0;0;0;0;0;0;0;0;0;0;0;1;0;0;0;0;0;0;0;0
Anemonastrum.dichotomum;0;0;0;0;0;0;0;0;0;0;0;0;0;0;0;0;0;0;0;0;1;1;0;0;1;0;1;0;0;0
Anemonastrum.flaccidum;0;0;0;0;0;0;0;0;0;0;0;0;0;0;0;0;0;0;0;0;0;1;0;0;0;0;0;0;0;0
Anemonastrum.sibiricum;0;0;1;0;0;0;0;0;0;1;0;0;0;0;0;0;0;0;0;0;0;0;0;0;0;0;0;0;0;0
Anemonastrum.villosissimum;1;1;1;0;1;1;1;0;1;1;0;1;1;0;1;1;0;1;1;1;1;1;1;0;1;0;0;0;0;0
Anemonoides.debilis;0;0;0;0;0;0;0;0;0;0;0;0;0;0;0;0;0;0;0;1;1;1;1;0;0;1;1;0;0;0
Anemonoides.sciaphila;0;0;0;0;0;0;0;0;0;0;0;0;0;0;0;0;0;0;0;0;1;1;0;0;0;0;0;0;0;0
Aquilegia.flabellata;0;0;0;0;0;0;0;0;0;0;0;0;0;0;0;0;0;0;0;1;1;1;1;0;0;0;0;0;0;0
Caltha.fistulosa;0;0;0;0;0;0;0;0;0;0;0;0;0;0;0;0;0;0;0;0;0;1;1;0;0;0;0;0;0;0
Caltha.membranacea;0;0;0;0;0;0;0;0;0;0;0;0;0;0;0;0;0;0;0;0;0;1;1;0;0;0;0;0;0;0
Caltha.palustris;1;1;1;0;0;1;0;0;0;1;0;0;0;0;1;0;0;0;0;1;1;1;1;0;0;0;0;0;0;0
Cimicifuga.simplex;0;0;1;0;0;0;0;0;0;0;0;0;0;0;0;0;0;0;0;1;1;1;1;1;0;1;1;0;0;1
Clematis.fusca;0;0;0;0;0;0;0;0;0;0;0;0;0;0;0;0;0;0;0;1;1;1;1;0;0;0;0;0;0;0
Clematis.ochotensis;1;0;0;0;0;0;0;0;0;0;0;0;0;0;0;0;0;0;0;1;1;1;1;0;0;0;0;0;0;0
Coptis.trifolia;1;1;1;0;0;1;1;0;0;1;0;0;1;1;1;1;0;1;0;1;1;1;1;0;0;0;0;0;0;0
Delphinium.brachycentrum;1;1;1;0;0;0;0;0;0;0;0;0;0;0;0;0;0;0;0;0;0;0;0;0;0;0;0;0;0;0
Pulsatilla.taraoi;0;0;0;0;0;0;0;0;0;0;0;0;0;0;1;1;0;1;1;1;1;0;1;0;0;0;0;0;0;0
Ranunculus.ashibetsuensis;0;1;1;0;0;1;0;0;0;0;0;0;0;0;0;0;0;0;0;1;1;0;0;0;1;0;0;0;0;0
Ranunculus.confervoides;0;1;0;0;0;1;0;0;0;0;0;0;0;0;0;0;0;0;0;1;1;1;0;0;0;0;0;0;0;0
Ranunculus.eschscholtzii;0;0;1;0;0;0;0;0;0;0;0;0;0;0;0;0;0;0;0;0;0;0;0;0;0;0;0;0;0;0
Ranunculus.hultenii;1;1;1;0;0;0;0;0;0;0;0;0;1;0;0;0;0;0;0;1;0;0;0;0;0;0;0;0;0;0
Ranunculus.hyperboreus;1;1;1;0;0;1;0;0;0;0;0;0;0;0;0;0;0;0;0;0;0;0;0;0;0;0;0;0;0;0
Ranunculus.kauffmannii;0;0;0;0;0;0;0;0;0;0;0;0;0;0;0;0;0;0;0;0;1;1;0;0;0;0;0;0;0;0
Ranunculus.monophyllus;1;1;1;0;0;0;0;0;0;0;0;0;0;0;0;0;0;0;0;0;0;0;0;0;0;0;0;0;0;0
Ranunculus.nipponicus;0;0;1;0;0;0;0;0;0;0;0;0;0;0;0;0;0;0;0;0;1;1;0;0;0;0;0;0;0;0
Ranunculus.nivalis;0;1;1;0;0;0;0;0;0;0;0;0;0;0;0;0;0;0;0;0;0;0;0;0;0;0;0;0;0;0
Ranunculus.novus;0;0;1;0;0;0;0;0;0;0;0;1;1;1;0;1;0;0;1;1;1;1;1;0;0;1;0;1;0;1
Ranunculus.pallasii;0;0;1;0;0;0;0;0;0;0;0;0;0;0;0;0;0;0;0;0;0;0;0;0;0;0;0;0;0;0
Ranunculus.pygmaeus;0;1;1;0;0;1;0;0;0;0;0;0;0;0;0;0;0;0;0;0;0;0;0;0;0;0;0;0;0;0
Ranunculus.repens;1;1;1;0;0;1;0;0;0;0;0;1;0;0;0;1;0;0;0;1;1;1;1;0;0;0;1;0;0;0
Ranunculus.reptans;0;1;1;0;0;1;1;0;0;0;0;0;0;0;0;0;0;0;0;0;1;1;1;0;0;0;0;0;0;0
Ranunculus.sceleratus;0;0;0;0;0;0;0;0;0;0;0;0;0;0;0;0;0;0;0;0;0;1;1;0;0;0;0;0;0;0
Ranunculus.silerifolius;0;0;0;0;0;0;0;0;0;0;0;0;0;0;0;0;0;0;0;0;1;1;1;0;0;1;0;0;0;0
Ranunculus.subcorymbosus;0;1;1;0;0;0;0;0;0;0;0;0;0;0;0;0;0;0;0;0;0;0;0;0;0;0;0;0;0;0
Ranunculus.sulphureus;0;1;1;0;0;0;0;0;0;0;0;0;0;0;0;0;0;0;0;0;0;0;0;0;0;0;0;0;0;0
Ranunculus.trichophyllus;0;0;1;0;0;0;0;0;0;0;0;0;0;0;0;0;0;0;0;0;0;0;0;0;0;0;0;0;0;0
Thalictrum.alpinum;0;1;1;0;0;0;0;0;0;0;0;0;0;0;0;0;0;0;0;0;0;0;0;0;0;0;0;0;0;0
Thalictrum.baicalense;0;0;0;0;0;0;0;0;0;0;0;0;0;0;0;0;0;0;0;0;0;1;0;0;0;0;0;0;0;0
Thalictrum.minus;1;1;1;0;0;1;0;0;0;1;0;1;1;0;1;1;0;0;1;1;1;1;1;1;1;1;1;0;0;1
Thalictrum.sachalinense;0;0;0;0;0;0;0;0;0;0;0;0;0;0;0;0;0;0;0;0;1;1;1;0;1;1;0;0;0;0
Thalictrum.yesoense;0;0;0;0;0;0;0;0;0;0;0;0;0;0;0;0;0;0;0;0;1;1;1;0;1;0;0;0;0;0
Trautvetteria.palmata;0;0;0;0;0;0;0;0;0;0;0;0;0;0;0;0;0;0;0;1;1;1;1;0;0;0;0;0;0;0
Trollius.japonicus;0;0;0;0;0;0;0;0;0;0;0;0;0;0;0;0;0;0;0;0;1;1;1;0;0;0;0;0;0;0
Trollius.riederianus;1;1;1;0;1;1;0;0;1;0;0;0;1;1;1;1;0;1;1;1;0;0;0;0;0;0;0;0;0;0
Chelidonium.asiaticum;0;0;0;0;0;0;0;0;0;0;0;0;0;0;0;0;0;0;0;0;0;1;1;0;0;0;0;0;0;0
Corydalis.ambigua;0;1;1;0;0;0;0;0;0;0;0;0;1;0;1;1;0;1;1;1;1;1;1;0;0;1;1;1;1;0
Corydalis.arctica;0;0;1;0;0;0;0;0;0;0;0;0;0;0;0;0;0;0;0;0;0;0;0;0;0;0;0;0;0;0
Corydalis.kushiroensis;0;0;0;0;0;0;0;0;0;0;0;0;0;0;0;0;0;0;0;0;0;1;0;0;0;0;0;0;0;0
Corydalis.pallida;0;0;0;0;0;0;0;0;0;0;0;0;0;0;0;0;0;0;0;0;0;1;1;0;0;0;0;0;0;0
Dicentra.peregrina;0;0;0;0;0;0;0;0;0;0;0;0;0;0;0;0;0;0;0;0;1;1;0;0;0;0;0;0;0;0
Papaver.alboroseum;1;0;1;0;0;1;0;0;0;0;0;0;0;0;0;0;0;0;0;0;0;0;0;0;0;0;0;0;0;0
Papaver.microcarpum;0;0;1;0;0;0;0;0;0;0;0;0;0;0;0;0;0;0;0;0;0;0;0;0;0;0;0;0;0;0
Papaver.miyabeanum;0;0;0;0;0;0;0;0;0;0;0;1;0;0;0;1;0;0;1;1;1;0;0;0;0;0;0;0;0;0
Daphniphyllum.macropodum;0;0;0;0;0;0;0;0;0;0;0;0;0;0;0;0;0;0;0;0;1;1;0;0;0;0;0;0;0;0
Ulmus.japonica;0;0;0;0;0;0;0;0;0;0;0;0;0;0;0;0;0;0;0;0;1;1;0;0;0;0;0;0;0;0
Ulmus.laciniata;0;0;0;0;0;0;0;0;0;0;0;0;0;0;0;0;0;0;0;0;0;1;1;0;0;0;0;0;0;0
Zelkova.serrata;0;0;0;0;0;0;0;0;0;0;0;0;0;0;0;0;0;0;0;0;0;1;0;0;0;0;0;0;0;0
Morus.indica;0;0;0;0;0;0;0;0;0;0;0;0;0;0;0;0;0;0;0;0;0;1;1;0;0;0;0;0;0;0
Humulus.cordifolius;0;0;0;0;0;0;0;0;0;0;0;0;0;0;0;0;0;0;0;0;0;1;0;0;0;0;0;0;0;0
Boehmeria.japonica;0;0;0;0;0;0;0;0;0;0;0;0;0;0;0;0;0;0;0;0;0;1;0;0;0;0;0;0;0;0
Laportea.bulbifera;0;0;0;0;0;0;0;0;0;0;0;0;0;0;0;0;0;0;0;0;1;1;0;0;0;0;0;0;0;0
Pilea.hamaoi;0;0;0;0;0;0;0;0;0;0;0;0;0;0;0;0;0;0;0;0;0;1;0;0;0;0;0;0;0;0
Pilea.mongolica;0;0;0;0;0;0;0;0;0;0;0;0;0;0;0;0;0;0;0;0;0;1;0;0;0;0;0;0;0;0
Urtica.platyphylla;1;1;1;0;1;1;1;0;0;0;0;1;1;1;1;1;0;0;0;1;1;1;1;1;0;1;0;1;1;0
Quercus.crispula;0;0;0;0;0;0;0;0;0;0;0;0;0;0;0;0;0;0;0;0;1;1;0;0;0;0;0;0;0;0
Quercus.dentata;0;0;0;0;0;0;0;0;0;0;0;0;0;0;0;0;0;0;0;0;0;1;0;0;0;0;0;0;0;0
Alnus.hirsuta;0;0;0;0;0;0;0;0;0;0;0;0;0;0;0;0;0;0;0;0;1;1;1;0;0;0;1;0;0;0
Alnus.japonica;0;0;0;0;0;0;0;0;0;0;0;0;0;0;0;0;0;0;0;0;0;1;0;0;0;0;0;0;0;0
Betula.ermanii;0;0;0;0;0;0;0;0;0;0;1;0;0;0;1;1;0;0;0;1;1;1;1;0;0;0;0;0;0;0
Betula.glandulosa;1;1;1;0;0;0;0;0;0;0;0;0;0;0;0;0;0;0;0;1;0;0;0;0;0;0;0;0;0;0
Betula.maximowicziana;0;0;0;0;0;0;0;0;0;0;0;0;0;0;0;0;0;0;0;0;0;1;0;0;0;0;0;0;0;0
Betula.platyphylla;0;0;0;0;0;0;0;0;0;0;0;0;0;0;0;0;0;0;0;0;1;1;1;0;0;0;0;0;0;0
Betula.paramushirensis;0;0;1;0;0;0;0;0;0;0;0;0;0;0;0;0;0;0;0;0;0;0;0;0;0;0;0;0;0;0
Duschekia.fruticosa;1;1;1;0;1;1;1;0;1;1;0;1;1;1;1;1;0;0;0;0;0;0;0;0;0;0;0;0;0;0
Duschekia.maximowiczii;0;0;0;0;0;0;0;0;0;0;0;0;0;0;0;0;0;1;1;1;1;1;1;1;0;0;0;0;0;0
Myrica.gale;0;0;0;0;0;0;0;0;0;0;0;0;0;0;0;0;0;0;0;0;1;1;0;1;1;1;0;0;0;0
Juglans.ailantifolia;0;0;0;0;0;0;0;0;0;0;0;0;0;0;0;0;0;0;0;0;1;1;0;0;0;0;0;0;0;0
Arenaria.merckioides;0;0;0;0;0;0;0;0;0;0;0;0;0;0;0;0;0;0;0;0;1;0;0;0;0;0;0;0;0;0
Cerastium.aleuticum;0;1;1;0;0;0;0;0;0;0;0;0;0;0;0;0;0;0;0;0;0;0;0;0;0;0;0;0;0;0
Cerastium.beeringianum;0;1;1;0;0;0;0;0;0;0;0;0;0;0;0;0;0;0;0;0;0;0;0;0;0;0;0;0;0;0
Cerastium.fischerianum;1;1;1;0;1;1;1;0;1;1;0;1;1;1;1;1;0;1;1;1;1;1;1;0;0;0;1;1;0;0
Cerastium.tatewakii;0;0;0;0;0;0;0;0;0;0;0;0;0;0;1;1;0;0;0;1;0;0;0;0;0;0;0;0;0;0
Cerastium.unalaschkense;0;0;1;0;0;1;0;0;0;0;0;0;0;0;0;1;0;1;1;1;0;0;0;0;0;0;0;0;0;0
Cherleria.barkalovii;0;0;0;0;0;0;0;0;0;0;0;0;0;0;0;0;0;0;0;0;1;0;0;0;0;0;0;0;0;0
Cucubalus.japonicus;0;0;0;0;0;0;0;0;0;0;0;0;0;0;0;0;0;0;0;0;1;1;1;0;0;0;0;0;0;0
Dianthus.superbus;0;0;0;0;0;0;0;0;0;0;0;0;0;0;0;0;0;1;0;1;1;1;1;0;1;1;1;0;0;1
Gastrolychnis.attenuata;0;0;1;0;0;0;0;0;0;0;0;0;0;0;0;0;0;0;0;1;0;0;0;0;0;0;0;0;0;0
Honckenya.oblongifolia;1;1;1;0;1;1;1;0;1;1;1;1;1;1;1;1;0;1;1;1;1;1;1;0;0;0;0;1;0;1
Moehringia.lateriflora;1;1;1;0;1;1;1;0;1;1;1;1;1;1;1;1;0;0;0;1;1;1;1;0;1;0;0;0;0;0
Pseudocherleria.kurilensis;1;0;1;0;0;1;0;0;0;1;0;1;0;0;0;0;0;0;0;0;0;0;0;0;0;0;0;0;0;0
Sagina.crassicaulis;0;0;0;0;0;0;0;0;0;0;0;0;0;0;0;0;0;0;0;0;1;1;1;0;0;1;1;0;0;1
Sagina.japonica;0;0;0;0;0;0;0;0;0;0;0;0;0;0;0;0;0;0;0;0;1;1;1;0;0;0;0;0;0;0
Sagina.maxima;1;1;0;0;0;1;1;1;1;1;0;0;1;1;1;0;0;0;0;1;0;0;0;0;0;0;0;0;0;0
Sagina.nivalis;1;1;1;0;0;1;0;0;0;0;0;0;1;0;0;0;0;0;0;0;0;0;0;0;0;0;0;0;0;0
Sagina.saginoides;1;1;1;0;1;1;0;0;1;1;0;1;1;1;1;1;0;0;0;1;1;1;1;0;0;0;0;0;0;0
Silene.repens;1;0;0;0;0;0;0;0;0;0;0;0;0;0;0;0;0;0;0;0;1;1;1;0;0;0;0;0;0;0
Spergularia.marina;0;0;0;0;0;0;0;0;0;0;0;0;0;0;0;0;0;0;0;0;0;1;1;0;0;0;0;0;0;0
Stellaria.alsine;0;1;1;0;0;0;0;0;0;0;0;0;0;0;0;0;0;0;0;1;1;1;1;0;0;0;0;0;0;0
Stellaria.bungeana;0;0;0;0;0;0;0;0;0;0;0;0;0;0;0;0;0;0;0;0;0;1;0;0;0;0;0;0;0;0
Stellaria.calycantha;1;1;1;0;1;1;1;0;0;1;1;1;1;1;1;1;0;0;0;0;1;1;1;0;0;0;0;0;0;0
Stellaria.crassifolia;0;1;1;0;0;1;0;0;0;1;0;0;1;0;0;0;0;0;0;0;0;0;0;0;0;0;0;0;0;0
Stellaria.eschscholtziana;0;1;1;0;0;0;0;0;0;0;0;0;0;0;0;0;0;0;0;0;0;0;0;0;0;0;0;0;0;0
Stellaria.fenzlii;1;1;1;0;1;1;1;0;0;1;1;1;1;1;1;1;0;1;0;1;1;1;1;0;0;0;0;0;0;0
Stellaria.humifusa;0;0;1;0;0;0;0;0;0;0;0;0;1;0;0;0;0;0;0;0;0;1;1;0;0;0;0;0;0;0
Stellaria.longifolia;0;0;0;0;0;0;0;0;0;0;0;0;0;0;0;0;0;0;0;0;1;1;1;1;0;0;0;0;0;0
Stellaria.radians;1;1;1;0;0;0;0;0;0;0;0;0;0;1;0;0;0;0;0;0;1;1;0;0;1;0;0;0;0;1
Stellaria.ruscifolia;1;1;1;1;1;1;1;1;1;1;1;1;1;1;1;1;1;1;1;1;1;1;1;0;0;0;0;0;0;0
Atriplex.gmelinii;0;0;1;0;0;0;0;0;0;0;0;0;0;0;0;0;0;0;0;0;0;0;0;0;0;0;0;0;0;0
Atriplex.laevis;0;0;0;0;0;0;0;0;0;0;0;0;0;0;0;1;0;0;0;0;1;1;1;1;0;0;1;1;0;0
Atriplex.subcordata;0;0;1;0;0;0;0;0;0;0;0;0;0;0;0;1;0;0;0;1;1;1;1;0;1;0;1;0;0;1
Oxybasis.glauca;0;0;0;0;0;0;0;0;0;0;0;0;0;0;0;0;0;0;0;0;0;0;1;0;0;0;0;0;0;0
Salicornia.perennans;0;0;0;0;0;0;0;0;0;0;0;0;0;0;0;0;0;0;0;0;0;1;1;0;0;0;0;0;0;0
Salsola.komarovii;0;0;0;0;0;0;0;0;0;0;0;0;0;0;0;0;0;0;0;0;1;1;1;1;1;0;1;0;0;1
Montia.fontana;1;1;1;0;1;1;1;0;1;1;0;1;1;1;1;1;0;0;0;1;1;1;1;0;0;0;0;0;0;0
Aconogonon.ajanense;0;0;0;0;0;0;0;0;0;0;0;0;0;0;0;0;0;0;0;0;1;1;1;0;0;0;0;0;0;0
Aconogonon.pseudoajanense;0;0;0;0;0;0;0;0;0;0;0;0;0;0;0;0;0;0;0;0;1;0;0;0;0;0;0;0;0;0
Aconogonon.savatieri;0;0;0;0;0;0;0;0;0;1;0;0;1;0;1;1;0;1;1;1;1;1;1;0;0;0;0;0;0;0
Aconogonon.weyrichii;0;0;0;0;0;0;0;0;0;0;0;0;0;0;0;0;0;0;0;0;0;1;0;0;0;0;0;0;0;0
Bistorta.vivipara;1;1;1;0;1;1;1;0;1;1;0;1;1;1;1;1;0;1;1;1;1;1;1;0;0;0;0;0;0;0
Fallopia.dumetorum;0;0;0;0;0;0;0;0;0;0;0;0;0;0;0;0;0;0;0;0;0;1;1;0;0;0;0;0;0;0
Koenigia.islandica;0;1;1;0;0;1;0;0;0;0;0;0;0;0;0;0;0;0;0;0;0;0;0;0;0;0;0;0;0;0
Oxyria.digyna;1;1;1;1;0;1;1;1;1;1;1;1;1;1;1;1;1;0;1;1;1;0;1;0;0;0;0;0;0;0
Persicaria.amphibia;0;1;1;0;0;0;0;0;0;0;0;0;0;0;0;0;0;0;0;1;1;1;0;0;0;0;0;0;0;0
Persicaria.extremiorientalis;0;0;0;0;0;0;0;0;0;0;0;0;0;0;0;0;0;0;0;0;1;1;1;0;0;0;0;0;0;0
Persicaria.filiformis;0;0;0;0;0;0;0;0;0;0;0;0;0;0;0;0;0;0;0;0;0;1;0;0;0;0;0;0;0;0
Persicaria.hydropiper;0;0;0;0;0;0;0;0;0;0;0;0;0;0;0;0;0;0;0;0;1;1;1;0;0;0;0;0;0;0
Persicaria.lapathifolia;0;0;0;0;0;0;0;0;0;0;0;0;0;0;0;0;0;0;0;1;1;1;1;0;0;0;0;0;0;0
Persicaria.longiseta;0;0;0;0;0;0;0;0;0;0;0;0;0;0;0;0;0;0;0;0;1;1;1;0;0;0;0;0;0;0
Persicaria.nepalensis;0;0;0;0;0;0;0;0;0;0;0;0;0;0;0;0;0;0;0;0;1;1;1;0;0;0;0;0;0;0
Persicaria.posumbu;0;0;0;0;0;0;0;0;0;0;0;0;0;0;0;0;0;0;0;0;0;1;1;0;0;0;0;0;0;0
Persicaria.sagittata;0;0;0;0;0;0;0;0;0;0;0;0;0;0;0;0;0;0;0;0;1;1;1;0;1;1;0;0;0;0
Persicaria.thunbergii;0;0;0;0;0;0;0;0;0;0;0;0;0;0;0;0;0;0;0;0;1;1;1;0;1;0;0;0;0;1
Polygonum.arenastrum;0;0;1;0;0;1;0;0;0;0;0;0;0;0;0;0;0;0;0;0;1;1;1;0;0;0;0;0;0;0
Polygonum.aviculare;0;0;1;0;0;0;0;0;0;0;0;0;0;0;0;0;0;0;0;1;1;1;1;0;0;1;0;0;0;1
Polygonum.boreale;0;0;0;0;0;0;0;0;0;0;0;0;0;0;0;0;0;0;0;0;1;1;0;0;0;0;0;0;0;0
Polygonum.polyneuron;0;0;0;0;0;0;0;0;0;0;0;0;0;0;0;0;0;0;0;0;0;1;0;0;0;0;0;0;0;0
Reynoutria.sachalinensis;0;0;0;0;0;0;0;0;0;0;0;0;0;0;0;0;0;0;0;1;1;1;1;0;0;0;0;0;0;0
Rumex.aquaticus;0;0;0;0;0;0;0;0;0;0;0;0;0;0;0;0;0;0;0;1;1;1;1;0;0;0;0;0;0;0
Rumex.arcticus;0;1;1;0;0;0;0;0;0;0;0;0;0;0;0;0;0;0;0;0;0;0;0;0;0;0;0;0;0;0
Rumex.crispus;0;0;0;0;0;0;0;0;0;0;0;1;0;0;0;1;0;0;0;1;0;1;1;1;0;1;0;1;0;0
Rumex.gmelinii;0;0;0;0;0;0;0;0;0;0;0;0;0;0;0;0;0;0;0;1;1;1;1;1;0;0;1;0;0;0
Rumex.japonicus;0;0;0;0;0;0;0;0;0;0;0;0;0;0;0;0;0;0;0;1;1;1;1;0;1;0;0;0;0;0
Rumex.lapponicus;0;1;1;0;0;0;0;0;0;0;0;1;1;1;1;1;1;1;1;1;1;1;1;1;0;0;0;0;0;0
Rumex.longifolius;0;1;1;0;0;1;0;0;0;0;0;1;0;0;0;1;0;0;0;1;1;1;1;0;0;1;1;0;0;0
Armeria.scabra;0;1;1;0;0;0;0;0;0;0;0;0;0;0;0;0;0;0;0;0;0;0;0;0;0;0;0;0;0;0
Paeonia.obovata;0;0;0;0;0;0;0;0;0;0;0;0;0;0;0;0;0;0;0;0;1;1;1;0;0;0;0;0;0;0
Paeonia.oreogeton;0;0;0;0;0;0;0;0;0;0;0;0;0;0;0;0;0;0;0;0;1;1;1;0;0;0;0;0;0;0
Hypericum.erectum;0;0;0;0;0;0;0;0;0;0;0;0;0;0;0;0;0;0;0;1;1;1;1;1;1;1;1;0;0;0
Hypericum.gebleri;0;0;0;0;0;0;0;0;0;0;0;0;0;0;0;0;0;0;0;0;1;1;1;0;0;0;1;0;0;0
Hypericum.japonicum;0;0;0;0;0;0;0;0;0;0;0;0;0;0;0;0;0;0;0;0;0;0;1;0;0;0;0;0;0;0
Hypericum.kamtschaticum;1;1;1;0;1;1;1;0;1;1;0;1;1;1;1;1;0;0;1;1;1;1;1;0;0;0;1;0;0;0
Hypericum.yezoense;0;0;0;0;0;0;0;0;0;0;0;0;0;0;0;0;0;0;0;0;1;1;1;0;0;0;0;0;0;0
Triadenum.japonicum;0;0;0;0;0;0;0;0;0;0;0;0;0;0;0;0;0;0;0;0;0;1;0;0;0;0;0;0;0;0
Viola.acuminata;0;0;0;0;0;0;0;0;0;0;0;0;0;0;0;0;0;0;0;1;1;1;1;0;0;0;0;0;0;0
Viola.biflora;1;1;1;0;1;1;0;0;0;1;0;1;1;1;1;1;0;1;0;1;1;1;1;0;0;0;0;0;0;0
Viola.brevistipulata;0;0;0;0;0;0;0;0;0;0;0;0;0;0;0;0;0;0;0;1;0;0;0;0;0;0;0;0;0;0
Viola.collina;0;0;0;0;0;0;0;0;0;0;0;0;0;0;0;0;0;0;0;0;0;1;1;0;0;0;0;0;0;0
Viola.crassa;1;1;1;0;0;1;0;0;0;1;0;0;1;1;1;1;0;0;1;1;1;1;1;0;0;0;0;0;0;0
Viola.epipsiloides;1;1;1;0;0;1;0;0;0;0;0;1;1;0;0;0;0;0;0;0;0;0;0;0;0;0;0;0;0;0
Viola.grypoceras;0;0;0;0;0;0;0;0;0;0;0;0;0;0;0;0;0;0;0;0;1;1;0;0;0;0;0;0;0;0
Viola.hamiltoniana;0;0;0;0;0;0;0;0;0;0;0;0;0;0;0;0;0;0;0;0;1;1;1;0;0;0;0;0;0;0
Viola.hultenii;0;1;1;0;0;1;0;0;0;0;0;0;0;0;0;1;0;0;0;0;1;1;1;0;0;0;0;0;0;0
Viola.kamtschadalorum;0;1;1;0;0;1;0;0;0;1;0;1;1;0;1;1;0;0;0;1;1;1;1;0;0;0;0;0;0;0
Viola.kitamiana;0;0;0;0;0;0;0;0;0;0;0;0;0;0;0;0;0;0;0;0;1;0;0;0;0;0;0;0;0;0
Viola.kusanoana;0;0;0;0;0;0;0;0;0;0;0;0;0;0;0;0;0;0;0;0;1;1;1;0;0;0;0;0;0;0
Viola.langsdorfii;1;1;1;0;1;1;1;0;1;1;1;1;1;0;1;1;0;1;1;1;1;1;1;0;0;0;0;0;0;0
Viola.mandshurica;0;0;0;0;0;0;0;0;0;0;0;0;0;0;0;0;0;0;0;0;0;1;1;0;0;0;0;0;0;0
Viola.patrinii;0;0;0;0;0;0;0;0;0;0;0;0;0;0;0;0;0;0;0;0;1;1;1;0;1;1;1;0;0;0
Viola.phalacrocarpa;0;0;0;0;0;0;0;0;0;0;0;0;0;0;0;0;0;0;0;0;0;1;0;0;0;0;0;0;0;0
Viola.sacchalinensis;1;1;1;0;0;1;0;0;0;0;1;1;1;0;1;1;0;0;0;1;1;1;1;0;0;0;1;0;0;0
Viola.selkirkii;1;1;1;0;1;1;1;0;1;0;0;1;1;0;1;1;0;0;1;1;1;1;1;0;0;0;0;0;0;0
Viola.vorobievii;0;0;0;0;0;0;0;0;0;0;0;0;0;0;0;0;0;0;0;0;1;1;0;0;0;0;0;0;0;0
Gynostemma.pentaphylla;0;0;0;0;0;0;0;0;0;0;0;0;0;0;0;0;0;0;0;0;0;1;0;0;0;0;0;0;0;0
Schizopepon.bryoniifolius;0;0;0;0;0;0;0;0;0;0;0;0;0;0;0;0;0;0;0;0;1;1;1;0;0;0;0;0;0;0
Arabidopsis.kamchatica;1;1;1;0;1;1;1;0;1;1;1;1;1;0;1;1;0;0;1;1;1;1;1;0;0;0;0;0;0;0
Arabidopsis.petraea;0;0;1;0;0;0;0;0;0;0;0;0;0;0;0;0;0;0;0;0;0;0;0;0;0;0;0;0;0;0
Arabis.hirsuta;0;1;1;0;0;0;0;0;0;0;0;0;0;0;0;0;0;0;0;1;1;1;0;0;0;0;0;0;0;0
Arabis.serrata;0;0;1;0;0;0;1;0;0;0;0;1;1;1;1;1;0;1;1;1;1;1;1;0;0;0;0;1;0;0
Arabis.stelleri;1;1;1;0;1;1;0;0;1;1;0;0;1;1;0;1;0;0;0;1;1;1;1;1;1;1;0;1;0;0
Barbarea.orthoceras;1;1;1;0;1;1;1;0;1;1;0;1;1;1;1;1;0;0;1;1;1;1;1;0;0;0;1;1;0;0
Cardamine.bellidifolia;0;0;1;0;0;0;0;0;0;0;0;0;0;0;0;0;0;0;0;0;0;0;0;0;0;0;0;0;0;0
Cardamine.impatiens;0;0;0;0;0;0;0;0;0;0;0;0;0;0;0;0;0;0;0;0;0;1;1;0;0;0;0;0;0;0
Cardamine.leucantha;0;0;0;0;0;0;0;0;0;0;0;0;0;0;0;0;0;0;0;0;0;1;0;0;0;0;0;0;0;0
Cardamine.macrophylla;0;0;0;0;0;0;0;0;0;0;0;0;0;0;0;0;0;0;0;0;0;1;0;0;0;0;0;0;0;0
Cardamine.pratensis;0;1;1;0;0;0;0;0;0;0;0;0;0;0;0;0;0;0;0;0;1;1;0;0;0;0;0;0;0;0
Cardamine.schinziana;0;0;0;0;0;0;0;0;0;0;0;0;0;0;0;0;0;0;0;0;0;1;0;0;0;0;0;0;0;0
Cardamine.scutata;1;1;1;0;0;1;1;1;1;1;0;1;1;0;1;1;0;0;1;1;1;1;1;0;0;0;0;0;1;0
Cardamine.umbellata;1;1;1;0;1;1;1;0;1;0;0;1;1;1;1;1;0;0;0;1;1;1;1;0;0;0;0;0;0;0
Cardamine.valida;0;0;0;0;0;0;0;0;0;0;0;0;0;0;0;0;0;0;0;0;1;1;1;0;0;0;0;0;0;0
Catolobus.pendulus;0;0;0;0;0;0;0;0;0;0;0;0;0;0;0;0;0;0;0;0;0;1;0;0;0;0;0;0;0;0
Cochlearia.groenlandica;1;1;1;1;1;1;1;1;1;1;1;1;1;1;1;1;1;1;1;1;1;1;1;0;0;0;0;1;0;1
Draba.borealis;1;1;1;0;1;1;1;0;0;1;1;1;1;0;1;1;1;1;1;1;1;1;1;0;0;0;1;1;0;1
Draba.grandis;0;0;0;0;0;1;1;1;0;0;1;1;1;1;1;0;0;0;0;1;1;0;0;0;0;0;0;0;0;0
Draba.hirta;0;0;1;0;0;0;0;0;0;0;0;0;0;0;0;0;0;0;0;0;0;0;0;0;0;0;0;0;0;0
Erysimum.cheranthoides;0;0;0;0;0;0;0;0;0;0;0;0;0;0;0;0;0;0;0;0;1;0;0;0;0;0;0;0;0;0
Eutrema.japonicum;0;0;0;0;0;0;0;0;0;0;0;0;0;0;0;0;0;0;0;0;0;1;0;0;0;0;0;0;0;0
Isatis.tinctoria;0;0;0;0;0;0;0;0;0;0;0;0;0;0;0;0;0;0;0;0;0;0;1;0;0;0;0;0;0;0
Parrya.nudicaulis;1;1;1;0;0;0;0;0;0;0;0;0;0;0;0;0;0;0;0;1;0;0;0;0;0;0;0;0;0;0
Rorippa.palustris;1;1;1;0;0;1;1;0;1;1;0;1;0;0;0;1;0;0;0;1;1;1;0;1;0;0;0;0;0;0
Subularia.aquatica;0;1;1;0;0;0;0;0;0;0;0;0;0;0;0;0;0;0;0;0;0;0;0;0;0;0;0;0;0;0
Populus.sieboldii;0;0;0;0;0;0;0;0;0;0;0;0;0;0;0;0;0;0;0;0;1;1;0;0;0;0;0;0;0;0
Populus.suaveolens;0;0;0;0;0;0;0;0;0;0;0;0;0;0;0;0;0;0;0;0;1;1;0;0;0;0;0;0;0;0
Populus.tremula;0;0;0;0;0;0;0;0;0;0;0;0;0;0;0;0;0;0;0;0;1;1;1;0;1;0;0;0;0;0
Salix.arctica;1;1;1;0;0;1;1;0;0;0;0;0;0;0;0;0;0;0;0;0;0;0;0;0;0;0;0;0;0;0
Salix.bebbiana;0;0;0;0;0;0;0;0;0;0;0;0;0;0;0;0;0;0;0;0;0;1;0;0;0;0;0;0;0;0
Salix.caprea;0;0;0;0;0;0;0;0;0;0;0;0;0;0;0;0;0;0;0;1;1;1;1;0;0;0;1;0;0;0
Salix.chamissonis;0;1;1;0;0;1;0;0;0;0;0;0;0;0;0;0;0;0;0;0;0;0;0;0;0;0;0;0;0;0
Salix.fuscescens;0;1;1;0;0;0;0;0;0;0;0;0;0;0;0;0;0;0;0;0;0;0;1;0;1;0;0;0;0;0
Salix.gilgiana;0;0;0;0;0;0;0;0;0;0;0;0;0;0;0;0;0;0;0;0;0;0;0;0;1;0;1;0;0;0
Salix.gracilistyla;0;0;0;0;0;0;0;0;0;0;0;0;0;0;0;0;0;0;0;0;0;1;0;0;0;0;0;0;0;0
Salix.hidaka-montana;0;0;1;0;0;1;1;0;1;0;1;1;1;1;1;1;0;1;1;1;1;0;1;0;0;0;0;0;0;0
Salix.integra;0;0;0;0;0;0;0;0;0;0;0;0;0;0;0;0;0;0;0;0;1;1;0;0;0;0;0;0;0;0
Salix.ketoiensis;0;0;0;0;0;0;0;0;0;0;0;0;1;0;1;1;0;1;0;1;1;0;0;0;0;0;0;0;0;0
Salix.kurilensis;1;1;1;0;1;1;1;1;0;1;1;0;1;1;1;1;0;0;0;0;0;0;1;0;0;0;0;0;0;0
Salix.nakamurana;1;1;1;0;1;1;1;1;1;1;1;1;1;1;1;1;0;1;0;1;1;0;1;0;0;0;0;0;0;0
Salix.parallelinervis;0;1;1;0;0;0;0;0;0;0;0;0;0;0;0;0;0;0;0;0;0;0;0;0;0;0;0;0;0;0
Salix.polaris;0;1;1;0;0;0;0;0;0;0;0;0;0;0;0;0;0;0;0;0;0;0;0;0;0;0;0;0;0;0
Salix.pseudopentandra;0;0;0;0;0;0;0;0;0;0;0;0;0;0;0;0;0;0;0;0;1;0;0;0;0;0;0;0;0;0
Salix.reinii;0;0;0;0;0;0;0;0;0;0;0;0;0;0;1;1;0;1;1;1;1;1;1;0;0;0;0;0;0;0
Salix.taraikensis;0;0;0;0;0;0;0;0;0;0;0;0;0;0;0;0;0;0;0;0;1;1;1;0;0;0;0;0;0;0
Salix.udensis;1;1;1;0;0;0;0;0;0;0;0;0;0;0;0;1;0;0;0;1;1;1;1;1;1;0;1;0;0;0
Salix.urbaniana;0;0;0;0;0;0;0;0;0;0;0;0;0;0;0;0;0;0;0;0;0;1;0;0;0;0;0;0;0;0
Salix.vulpina;0;0;0;0;0;0;0;0;0;0;0;0;0;0;0;0;0;0;0;1;1;1;1;0;0;0;0;0;0;0
Salix.yezoensis;0;0;0;0;0;0;0;0;0;0;0;0;0;0;0;0;0;0;0;0;0;1;0;0;0;1;0;0;0;0
Actinidia.arguta;0;0;0;0;0;0;0;0;0;0;0;0;0;0;0;0;0;0;0;0;0;1;0;0;0;0;0;0;0;0
Actinidia.kolomikta;0;0;0;0;0;0;0;0;0;0;0;0;0;0;0;0;0;0;0;0;1;1;1;0;0;0;1;0;0;0
Actinidia.polygama;0;0;0;0;0;0;0;0;0;0;0;0;0;0;0;0;0;0;0;0;0;1;0;0;0;0;0;0;0;0
Andromeda.polifolia;0;1;1;0;0;1;0;0;0;1;0;0;1;0;1;1;0;0;0;1;1;1;1;0;0;0;0;0;0;0
Arctous.alpina;0;1;1;0;1;1;1;0;0;1;0;1;1;1;1;1;0;1;1;1;1;1;1;0;0;0;0;0;0;0
Bryanthus.musciformis;0;1;1;0;1;1;1;0;0;1;0;0;1;0;1;1;0;0;0;1;1;1;0;0;0;0;0;0;0;0
Cassiope.lycopodioides;1;1;1;0;1;1;1;0;1;1;1;1;1;1;1;1;0;1;1;1;1;1;1;0;0;0;0;0;0;0
Chamaedaphne.calyculata;0;0;0;0;0;0;0;0;0;0;0;0;0;0;0;0;0;0;0;0;0;1;0;0;0;1;0;0;0;0
Chimaphila.japonica;0;0;0;0;0;0;0;0;0;0;0;0;0;0;0;0;0;0;0;0;1;1;0;0;0;0;0;0;0;0
Elliottia.bracteata;0;0;0;0;0;0;0;0;0;0;0;0;0;0;0;0;0;0;0;1;1;1;0;0;0;0;0;0;0;0
Empetrum.albidum;0;0;0;0;0;1;1;0;0;0;0;0;1;1;1;1;0;0;1;1;1;1;1;1;1;1;1;0;0;0
Empetrum.sibiricum;1;1;1;0;1;1;1;0;1;1;1;1;1;1;1;1;0;1;1;1;1;1;1;1;1;1;0;0;0;0
Empetrum.stenopetalum;1;1;1;0;0;1;0;0;0;1;0;0;0;0;0;0;0;0;0;0;0;0;0;0;0;0;0;0;0;0
Eubotryoides.grayana;0;0;0;0;0;0;0;0;0;0;0;0;0;0;0;1;0;0;0;0;1;1;1;0;0;0;0;0;0;0
Gaultheria.pyroloides;0;0;1;0;0;0;0;0;0;1;0;1;1;0;1;1;0;1;0;1;1;1;0;0;0;0;0;0;0;0
Harrimanella.stelleriana;0;1;1;0;0;1;0;0;0;0;0;0;1;0;1;0;0;0;0;0;1;0;0;0;0;0;0;0;0;0
Kalmia.procumbens;0;1;1;0;1;1;1;0;1;1;1;1;1;1;1;1;0;1;1;1;1;1;1;0;0;0;0;0;0;0
Ledum.decumbens;0;1;1;0;0;0;0;0;0;0;0;0;0;0;0;0;0;0;0;1;0;0;0;0;0;0;0;0;0;0
Ledum.maximum;0;0;0;0;0;0;0;0;0;0;0;0;0;0;0;0;0;1;0;1;1;1;1;1;0;1;1;0;0;0
Ledum.palustriforme;0;0;0;0;0;0;0;0;0;0;0;0;0;0;0;0;0;0;0;0;0;1;1;0;1;0;0;0;0;0
Menziesia.pentandra;0;0;0;0;0;0;0;0;0;0;0;0;0;0;0;0;0;0;0;0;1;1;1;0;0;0;0;0;0;0
Moneses.uniflora;0;1;1;0;0;0;0;0;0;0;0;0;0;0;0;0;0;0;0;0;0;0;0;0;0;0;0;0;0;0
Monotropa.hypopitys;0;0;0;0;0;0;0;0;0;0;0;0;0;0;0;0;0;0;0;1;1;1;0;0;0;0;0;0;0;0
Monotropa.uniflora;0;0;0;0;0;0;0;0;0;0;0;0;0;0;0;0;0;0;0;0;0;1;0;0;0;0;0;0;0;0
Monotropastrum.humile;0;0;0;0;0;0;0;0;0;0;0;0;0;0;0;0;0;0;0;0;1;1;1;0;0;0;0;0;0;0
Orthilia.secunda;0;0;1;0;0;0;0;0;0;0;0;0;0;0;0;0;0;0;0;1;1;1;1;0;0;0;0;0;0;0
Oxycoccus.microcarpus;0;1;1;0;1;1;0;0;0;0;0;0;0;0;1;1;0;0;0;1;1;1;1;0;0;1;0;0;0;0
Oxycoccus.palustris;0;1;1;0;0;1;0;0;0;1;0;0;1;0;1;1;0;0;0;1;1;1;1;1;1;0;1;0;0;0
Phyllodoce.aleutica;1;1;1;0;1;1;1;0;1;1;0;1;1;0;1;1;0;1;0;1;1;1;0;0;0;0;0;0;0;0
Phyllodoce.caerulea;0;0;1;0;0;0;0;0;0;0;0;0;0;0;0;1;0;0;0;1;1;1;0;0;0;0;0;0;0;0
Pieris.nana;1;1;1;0;1;1;1;0;1;1;0;1;1;0;1;1;0;1;1;1;1;1;1;0;0;0;0;0;0;0
Pyrola.alpina;0;0;0;0;0;0;0;0;0;0;0;0;0;0;0;0;0;0;0;0;1;1;0;0;0;0;0;0;0;0
Pyrola.faurieana;0;0;0;0;0;0;0;0;0;0;0;0;0;0;0;0;0;0;0;1;1;1;0;0;0;0;0;0;0;0
Pyrola.japonica;0;0;0;0;0;0;0;0;0;0;0;0;0;0;0;0;0;0;0;0;1;1;0;0;0;0;0;0;0;0
Pyrola.minor;0;1;1;0;0;1;0;0;0;0;1;1;1;0;0;1;0;0;0;1;1;1;0;0;0;0;0;0;0;0
Pyrola.nephrophylla;0;0;0;0;0;0;0;0;0;0;0;0;0;0;0;0;0;0;0;0;0;1;1;0;0;0;0;0;0;0
Pyrola.renifolia;0;0;0;0;0;0;0;0;0;0;0;0;0;0;0;0;0;0;0;0;1;1;0;0;0;0;0;0;0;0
Pyrola.rotundifolia;0;0;0;0;0;0;0;0;0;0;0;0;0;0;0;0;0;0;0;1;1;1;0;0;0;0;0;0;0;0
Pyrola.subaphylla;0;0;0;0;0;0;0;0;0;0;0;0;0;0;0;0;0;0;0;0;0;1;0;0;0;0;0;0;0;0
Rhododendron.aureum;1;1;1;0;1;1;1;0;0;1;0;1;1;1;1;1;0;1;1;1;1;1;1;0;0;0;0;0;0;0
Rhododendron.brachycarpum;0;0;0;0;0;0;0;0;0;0;0;0;0;0;0;0;0;0;0;0;1;1;0;0;0;0;0;0;0;0
Rhododendron.camtschaticum;1;1;1;0;1;1;1;0;1;1;1;1;1;1;1;1;0;1;1;1;1;1;1;0;0;0;0;0;0;0
Rhododendron.tschonoskii;0;0;0;0;0;0;0;0;0;0;0;0;0;0;0;0;0;0;0;0;0;1;0;0;0;0;0;0;0;0
Vaccinium.hirtum;0;0;0;0;0;0;0;0;0;0;0;0;0;0;0;0;0;0;0;0;1;1;0;0;0;0;0;0;0;0
Vaccinium.ovalifolium;1;0;1;0;0;0;0;0;0;0;0;0;0;0;0;0;0;0;0;1;1;1;0;1;0;0;0;0;0;0
Vaccinium.praestans;0;0;0;0;0;0;0;0;0;0;0;0;1;0;1;1;0;0;0;1;1;1;1;0;1;1;1;0;0;0
Vaccinium.smallii;0;0;0;0;0;0;0;0;0;0;0;0;0;0;0;0;0;0;0;0;1;1;1;0;0;0;0;0;0;0
Vaccinium.uliginosum;1;1;1;0;1;1;1;0;1;1;1;1;1;1;1;1;0;1;1;1;1;1;1;1;1;1;1;0;0;0
Vaccinium.vitis-idaea;1;1;1;0;1;1;1;0;1;1;1;1;1;1;1;1;0;1;1;1;1;1;1;1;1;1;0;0;0;0
Vaccinium.vulcanorum;0;0;1;0;0;0;0;0;0;0;0;0;0;0;0;0;0;0;0;0;0;0;0;0;0;0;0;0;0;0
Diapensia.obovata;0;1;1;0;1;1;0;0;1;1;0;0;1;1;1;1;0;1;1;1;1;1;1;0;0;0;0;0;0;0
Androsace.lehmanniana;0;1;1;0;0;0;0;0;0;0;0;0;0;0;0;0;0;0;0;1;1;0;1;0;0;0;0;0;0;0
Cortusa.sachalinensis;0;0;0;0;0;0;0;0;0;0;0;0;0;0;0;0;0;0;0;0;0;0;1;0;0;0;0;0;0;0
Glaux.maritima;0;0;0;0;0;0;0;0;0;0;0;0;0;0;0;0;0;0;0;0;1;1;1;1;0;0;0;0;0;0
Lysimachia.davurica;0;0;0;0;0;0;0;0;0;0;0;0;0;0;0;0;0;0;0;0;0;1;1;0;0;0;1;0;0;0
Lysimachia.thyrsiflora;0;0;1;0;0;0;0;0;0;0;0;0;0;0;0;0;0;0;0;1;1;1;1;0;1;1;0;0;0;0
Primula.cuneifolia;1;1;1;0;1;1;1;0;1;1;0;1;1;1;1;1;0;1;1;1;1;1;0;0;0;0;0;0;0;0
Primula.fauriei;0;0;0;0;0;0;0;0;0;0;0;0;1;0;0;1;0;0;1;1;1;1;1;0;0;1;1;1;0;1
Primula.japonica;0;0;0;0;0;0;0;0;0;0;0;0;0;0;0;0;0;0;0;0;0;1;1;0;0;0;0;0;0;0
Primula.matsumurae;0;0;0;0;0;0;0;0;0;0;0;0;0;0;0;0;0;0;0;0;1;1;0;0;0;0;0;0;0;0
Primula.nutans;0;0;0;0;0;0;0;0;0;0;0;0;1;0;0;0;0;0;0;0;0;0;0;0;0;0;0;0;0;0
Primula.tschuktschorum;0;1;1;0;0;1;0;0;0;0;0;0;0;0;0;0;0;0;0;0;0;0;0;0;0;0;0;0;0;0
Trientalis.europaea;1;1;1;0;1;1;1;0;1;1;1;1;1;1;1;1;0;1;1;1;1;1;1;0;0;0;0;0;0;0
Tilia.maximowicziana;0;0;0;0;0;0;0;0;0;0;0;0;0;0;0;0;0;0;0;0;0;1;0;0;0;0;0;0;0;0
Euphorbia.sieboldiana;0;0;0;0;0;0;0;0;0;0;0;0;0;0;0;0;0;0;0;0;0;1;1;0;0;0;0;0;0;0
Daphne.jezoensis;0;0;0;0;0;0;0;0;0;0;0;0;0;0;0;0;0;0;0;0;1;1;1;0;0;0;0;0;0;0
Hydrangea.paniculata;0;0;0;0;0;0;0;0;0;0;0;0;0;0;0;0;0;0;0;0;1;1;1;1;0;0;1;0;0;0
Hydrangea.petiolaris;0;0;0;0;0;0;0;0;0;0;0;0;0;0;0;0;0;0;0;1;1;1;1;0;0;0;0;0;0;0
Schizophragma.hydrangeoides;0;0;0;0;0;0;0;0;0;0;0;0;0;0;0;0;0;0;0;0;0;1;0;0;0;0;0;0;0;0
Astilbe.thunbergii;0;0;0;0;0;0;0;0;0;0;0;0;0;0;0;0;0;0;0;0;0;1;0;0;0;0;0;0;0;0
Chrysosplenium.flagelliferum;0;0;0;0;0;0;0;0;0;0;0;0;0;0;0;0;0;0;0;1;0;1;0;0;0;0;0;0;0;0
Chrysosplenium.grayanum;0;0;0;0;0;0;0;0;0;0;0;0;0;0;0;0;0;0;0;0;1;1;0;0;0;0;0;0;0;0
Chrysosplenium.kamtschaticum;1;1;1;0;1;1;1;0;1;1;0;1;1;1;1;1;0;0;1;1;1;1;1;0;0;0;0;0;0;0
Chrysosplenium.ramosum;0;0;0;0;0;0;0;0;0;0;0;0;0;0;0;0;0;0;0;0;0;1;0;0;0;0;0;0;0;0
Chrysosplenium.sibiricum;0;0;0;0;0;0;0;0;0;0;0;0;0;0;0;0;0;0;0;0;0;1;0;0;0;1;0;1;0;0
Micranthes.fusca;0;0;0;0;0;0;0;0;0;0;0;0;0;0;1;1;1;0;1;1;1;1;1;0;0;0;0;0;0;0
Micranthes.insularis;1;1;1;0;1;1;1;0;1;1;0;1;1;1;1;1;0;0;0;1;1;1;0;0;0;0;0;0;0;0
Micranthes.merkii;1;1;1;0;0;1;1;0;1;1;1;1;0;0;1;1;0;0;0;1;1;0;0;0;0;0;0;0;0;0
Micranthes.nelsoniana;0;1;1;0;0;0;0;0;0;1;0;0;0;0;0;0;0;0;0;0;0;0;0;0;0;0;0;0;0;0
Micranthes.porsildiana;0;1;1;0;0;0;0;0;1;0;0;0;0;0;0;0;0;0;0;0;0;0;0;0;0;0;0;0;0;0
Micranthes.purpurascens;1;1;1;0;0;1;0;0;0;0;0;0;0;0;0;0;0;0;0;0;0;0;0;0;0;0;0;0;0;0
Micranthes.sachalinensis;0;0;0;0;0;0;0;0;0;0;0;0;0;0;0;0;0;0;0;0;0;1;1;0;0;0;1;0;0;0
Saxifraga.bracteata;1;1;1;1;1;1;1;1;1;1;1;1;1;1;1;1;1;0;0;1;1;0;1;0;0;1;0;1;0;1
Saxifraga.cherlerioides;1;1;1;0;1;1;0;0;0;1;0;0;0;0;0;0;0;0;0;1;0;0;0;0;0;0;0;0;0;0
Saxifraga.fortunei;0;0;0;0;0;0;0;0;0;0;0;0;0;0;0;0;0;0;0;0;1;1;1;0;0;0;0;0;0;0
Saxifraga.funstonii;1;1;1;0;0;1;0;0;0;1;0;0;0;0;0;0;0;0;0;0;0;0;0;0;0;0;0;0;0;0
Saxifraga.hyperborea;1;1;1;0;0;0;0;0;0;0;0;0;0;0;0;0;0;0;0;0;0;0;0;0;0;0;0;0;0;0
Saxifraga.rebunshirensis;0;0;0;0;0;0;0;0;0;0;0;0;0;0;0;0;0;0;0;0;0;0;1;0;0;0;0;0;0;0
Crassula.aquatica;0;0;1;0;0;0;0;0;0;0;0;0;0;0;0;0;0;0;0;0;1;0;1;0;0;0;0;0;0;0
Hylotelephium.erythrostictum;0;0;0;0;0;0;0;0;0;0;0;0;0;0;0;0;0;0;0;0;0;0;0;0;0;0;0;0;0;1
Hylotelephium.telephium;0;0;0;0;0;0;0;0;0;0;0;0;0;0;0;0;0;0;0;0;1;1;1;0;0;0;1;0;0;0
Hylotelephium.verticillatum;0;0;0;0;0;0;0;0;0;0;0;0;0;0;0;0;0;0;0;0;0;1;1;0;0;0;1;0;0;0
Orostachys.boehmeri;0;0;0;0;0;0;0;0;0;0;0;0;0;0;0;0;0;0;0;0;0;1;0;0;0;0;0;0;0;0
Phedimus.aizoon;0;0;0;0;0;0;0;0;0;0;0;0;0;0;0;0;0;0;0;0;1;1;1;0;0;0;0;0;0;0
Phedimus.kurilensis;0;0;0;0;0;0;0;0;0;0;0;0;0;0;0;0;0;0;0;0;1;1;1;0;0;0;1;0;0;0
Rhodiola.integrifolia;1;1;1;1;1;1;0;0;1;1;0;0;0;0;0;1;0;0;0;0;0;0;0;0;0;0;0;0;0;0
Rhodiola.ishidae;0;0;0;0;0;0;0;0;0;0;0;0;0;0;0;0;0;0;0;0;1;1;0;0;0;0;0;0;0;0
Rhodiola.sachalinensis;0;0;0;0;1;1;1;1;1;1;1;1;1;1;1;1;1;1;1;1;1;1;1;0;0;0;1;1;0;1
Ribes.latifolium;0;0;0;0;0;0;0;0;0;0;0;0;0;0;0;0;0;0;0;0;1;1;1;0;0;0;0;0;0;0
Ribes.sachalinense;0;0;0;0;0;0;0;0;0;0;0;0;0;0;0;0;0;0;0;0;1;1;0;0;0;0;0;0;0;0
Drosera.anglica;0;0;1;0;0;0;0;0;0;0;0;0;1;0;0;0;0;0;0;1;1;1;0;0;0;0;0;0;0;0
Drosera.rotundifolia;1;1;1;0;1;1;1;0;0;1;0;0;1;0;1;1;0;0;0;1;1;1;1;1;0;1;1;0;0;0
Agrimonia.viscidula;0;0;0;0;0;0;0;0;0;0;0;0;0;0;0;0;0;0;0;0;1;1;1;1;0;1;1;0;0;1
Aruncus.dioicus;1;1;1;0;1;1;1;0;0;1;0;1;1;1;1;1;0;0;1;1;1;1;1;0;1;1;1;0;0;1
Comarum.palustre;0;1;1;0;1;1;0;0;0;0;0;1;1;0;1;0;0;0;0;1;1;1;0;0;0;1;1;0;0;0
Crataegus.chlorosarca;0;0;0;0;0;0;0;0;0;0;0;0;0;0;0;0;0;0;0;0;0;1;0;0;0;0;0;0;0;0
Dasiphora.fruticosa;0;1;1;0;0;1;0;0;0;0;0;0;0;0;0;0;0;0;0;0;1;1;1;0;0;0;0;0;0;0
Dryas.ajanensis;0;0;0;0;0;0;0;0;0;0;0;0;0;0;0;0;0;0;0;0;1;0;1;0;0;0;0;0;0;0
Filipendula.camtschatica;1;1;1;0;1;1;1;0;0;1;0;1;1;1;1;1;0;0;1;1;1;1;1;1;0;0;1;0;0;0
Filipendula.glaberrima;0;0;0;0;0;0;0;0;0;0;0;0;0;0;0;0;0;0;0;0;0;1;1;0;0;0;1;0;0;0
Fragaria.iinumae;0;0;0;0;0;0;0;0;0;0;0;0;0;0;0;0;0;0;0;0;1;0;0;0;0;0;0;0;0;0
Fragaria.yezoensis;0;0;1;0;0;0;1;0;0;1;0;1;0;0;0;1;0;0;0;1;1;1;1;0;1;0;1;0;0;0
Geum.aleppicum;0;1;1;0;0;0;0;0;0;0;0;0;0;0;0;0;0;0;0;1;1;1;1;1;1;1;1;0;0;0
Geum.fauriei;0;1;1;0;0;0;0;0;0;0;0;0;0;1;0;0;0;0;0;1;1;1;1;1;1;1;1;0;0;0
Malus.mandshurica;0;0;0;0;0;0;0;0;0;0;0;0;0;0;0;0;0;0;0;0;1;1;0;0;0;0;0;0;0;0
Micromeles.alnifolia;0;0;0;0;0;0;0;0;0;0;0;0;0;0;0;0;0;0;0;0;1;1;0;0;0;0;0;0;0;0
Padus.ssiori;0;0;0;0;0;0;0;0;0;0;0;0;0;0;0;0;0;0;0;1;1;1;1;0;0;0;0;0;0;0
Parageum.calthifolium;1;1;1;0;1;1;1;0;1;1;0;1;1;1;1;1;0;1;1;1;1;1;1;0;0;0;0;0;0;0
Porentilla.dickinsii;0;0;0;0;0;0;0;0;0;0;0;0;0;0;0;0;0;0;0;0;0;1;1;0;0;0;0;0;0;0
Potentilla.cryptotaeniae;0;0;0;0;0;0;0;0;0;0;0;0;0;0;0;0;0;0;0;0;0;1;0;0;0;0;0;0;0;0
Potentilla.egedii;1;1;1;0;0;1;0;0;0;0;0;0;0;0;0;0;0;0;0;1;1;1;1;1;1;1;1;0;0;1
Potentilla.fragarioides;0;0;0;0;0;0;0;0;0;0;0;0;0;0;0;0;0;0;0;0;1;1;1;0;0;0;0;0;0;0
Potentilla.matsumurae;0;0;0;0;0;1;0;0;0;0;1;0;0;0;0;1;0;0;0;1;1;1;1;0;0;0;1;0;0;0
Potentilla.megalantha;1;1;1;1;1;1;1;0;0;1;1;0;1;1;1;1;1;1;0;1;1;1;1;0;0;0;1;1;0;1
Potentilla.nivea;0;0;0;0;0;0;0;0;0;0;0;0;0;0;0;0;0;0;0;0;0;0;1;0;0;0;0;0;0;0
Potentilla.stolonifera;1;1;1;0;0;0;0;0;0;0;0;0;0;0;1;1;0;0;0;1;1;1;1;0;0;1;1;0;0;1
Potentilla.vulcanicola;1;1;1;0;0;0;0;0;0;0;0;0;0;0;0;0;0;0;0;0;0;0;0;0;0;0;0;0;0;0
Prunus.maximowiczii;0;0;0;0;0;0;0;0;0;0;0;0;0;0;0;0;0;0;0;1;1;1;1;0;0;0;0;0;0;0
Prunus.nipponica;0;0;0;0;0;0;0;0;0;0;0;0;0;0;0;0;0;0;0;1;1;1;0;0;0;0;0;0;0;0
Prunus.sargentii;0;0;0;0;0;0;0;0;0;0;0;0;0;0;0;0;0;0;0;0;1;1;0;0;0;0;0;0;0;0
Rosa.acicularis;0;0;0;0;0;0;0;0;0;0;0;0;0;0;0;0;0;0;0;1;1;1;1;0;0;0;0;0;0;0
Rosa.amblyotis;0;0;1;0;0;0;0;0;0;0;0;0;0;0;0;0;0;0;0;0;1;1;1;0;0;0;0;0;0;0
Rosa.rugosa;1;1;1;0;0;1;0;0;0;0;0;1;1;0;1;1;0;1;1;1;1;1;1;1;1;1;1;0;0;1
Rubus.arcticus;1;1;1;0;1;1;1;0;0;1;0;1;1;1;0;0;0;0;0;0;1;1;1;0;0;0;0;0;0;0
Rubus.chamaemorus;0;1;1;0;1;1;0;0;0;0;0;1;1;1;1;1;0;0;0;1;0;0;0;0;0;0;0;0;0;0
Rubus.mesogaeus;0;0;0;0;0;0;0;0;0;0;0;0;0;0;0;0;0;0;0;0;1;1;1;0;0;0;1;0;0;0
Rubus.parvifolius;0;0;0;0;0;0;0;0;0;0;0;0;0;0;0;0;0;0;0;0;0;1;0;0;0;0;0;0;0;0
Rubus.pedatus;0;0;0;0;0;0;0;0;0;0;0;0;0;0;0;0;0;0;0;0;1;1;0;0;0;0;0;0;0;0
Rubus.phoenicolasius;0;0;0;0;0;0;0;0;0;0;0;0;0;0;0;0;0;0;0;0;0;1;0;0;0;0;0;0;0;0
Rubus.pseudochamaemorus;0;0;0;0;0;0;0;0;0;0;0;0;0;0;0;0;0;0;0;0;0;1;0;0;0;0;0;0;0;0
Rubus.pseudojaponicus;0;0;0;0;0;0;0;0;0;0;0;0;0;0;0;0;0;0;0;0;0;1;0;0;0;0;0;0;0;0
Rubus.sachalinensis;0;1;1;0;0;0;0;0;0;0;0;0;0;0;0;0;0;0;0;0;1;1;1;0;0;0;1;0;0;0
Rubus.stellatus;0;1;1;0;0;0;0;0;0;0;0;0;0;0;0;0;0;0;0;0;0;0;0;0;0;0;0;0;0;0
Sanguisorba.officinalis;0;0;1;0;0;0;0;0;0;0;0;1;0;0;0;0;0;0;0;0;0;0;0;0;0;0;0;0;0;0
Sanguisorba.stipulata;0;1;1;0;0;1;0;0;0;1;0;0;0;0;0;1;0;0;0;1;1;1;1;0;0;0;0;0;0;0
Sanguisorba.tenuifolia;1;1;1;0;0;1;1;0;0;1;0;0;1;0;0;1;0;1;1;1;1;1;1;1;1;1;1;0;0;1
Sibbaldia.miyabei;0;0;0;0;0;0;0;0;1;0;0;1;0;0;1;1;0;1;0;1;1;1;0;0;0;0;0;0;0;0
Sibbaldia.procumbens;1;1;1;0;0;0;0;0;0;0;0;0;0;0;0;0;0;0;0;0;0;0;0;0;0;0;0;0;0;0
Sieversia.pentapetala;0;1;1;0;0;1;0;0;0;1;0;0;1;0;1;1;0;1;0;1;1;1;1;0;0;0;0;0;0;0
Sorbaria.sorbifolia;0;0;0;0;0;0;0;0;0;0;0;0;0;0;0;0;0;0;0;0;0;1;1;0;0;0;1;0;0;0
Sorbus.commixta;0;0;0;0;0;0;0;0;0;0;0;0;0;0;1;0;0;0;0;1;1;1;1;0;0;0;0;0;0;0
Sorbus.sambucifolia;1;1;1;0;1;1;1;0;1;1;1;1;1;1;1;1;0;1;1;1;1;1;1;0;1;1;1;0;0;0
Spiraea.beauverdiana;1;1;1;0;1;1;1;0;1;1;1;1;1;1;1;1;0;1;1;1;1;1;1;0;1;1;1;0;0;0
Spiraea.betulifolia;0;0;0;0;0;0;0;0;0;0;0;0;0;0;0;0;0;0;0;1;1;1;1;1;1;0;1;0;0;0
Spiraea.media;0;0;0;0;0;0;0;0;0;0;0;0;0;0;0;0;0;0;0;0;0;0;1;0;0;0;0;0;0;0
Spiraea.salicifolia;0;0;0;0;0;0;0;0;0;0;0;0;0;0;0;0;0;0;0;1;0;1;1;1;1;1;1;0;0;0
Waldsteinia.ternata;0;0;0;0;0;0;0;0;0;0;0;0;0;0;0;0;0;0;0;0;0;1;0;0;0;0;0;0;0;0
Amphicarpaea.edgeworthii;0;0;0;0;0;0;0;0;0;0;0;0;0;0;0;0;0;0;0;0;0;1;0;0;0;0;0;0;0;0
Astragalus.alpinus;0;0;1;0;0;0;0;0;1;0;0;1;0;0;0;0;0;0;0;0;0;0;0;0;0;0;0;0;0;0
Astragalus.frigidus;0;1;1;0;0;0;0;0;0;1;0;1;1;0;0;0;0;0;0;0;0;0;0;0;0;0;0;0;0;0
Astragalus.japonicus;0;0;0;0;0;0;0;0;0;0;0;0;0;0;0;1;0;0;0;1;1;1;0;0;0;0;0;0;0;0
Astragalus.kawakamii;0;0;0;0;0;0;0;0;0;0;0;0;0;0;0;0;0;0;0;0;1;0;0;0;0;0;0;0;0;0
Hedysarum.austrokurilense;0;0;0;0;0;0;0;0;0;0;0;0;0;0;0;0;0;0;0;0;0;1;1;0;0;0;0;0;0;0
Hedysarum.nonnae;1;1;1;0;1;1;1;0;1;1;0;0;0;0;1;1;1;1;1;1;1;0;0;0;0;0;0;0;0;0
Lathyrus.humilis;0;0;0;0;0;0;0;0;0;0;0;0;0;0;0;0;0;0;0;0;0;1;0;0;0;0;0;0;0;0
Lathyrus.japonicus;1;1;1;0;1;1;1;0;0;1;0;1;1;0;1;1;0;1;0;1;1;1;1;1;1;1;1;1;0;1
Lathyrus.pilosus;1;1;1;0;0;1;0;0;0;0;0;1;1;0;1;1;0;0;0;1;1;1;1;0;1;1;1;0;0;1
Lespedeza.bicolor;0;0;0;0;0;0;0;0;0;0;0;0;0;0;0;1;0;0;0;0;1;1;1;1;1;1;1;0;0;1
Oxytropis.exserta;0;0;1;0;0;0;0;0;0;0;0;0;0;0;0;0;0;0;0;0;0;0;0;0;0;0;0;0;0;0
Oxytropis.itoana;0;0;0;0;0;0;0;0;0;0;0;0;0;0;0;0;0;0;0;1;1;0;0;0;0;0;0;0;0;0
Oxytropis.megalantha;0;0;0;0;0;0;0;0;0;0;0;0;0;0;0;0;0;0;0;0;0;1;0;0;0;0;0;0;0;0
Oxytropis.pumilio;1;1;1;0;0;1;0;0;1;0;0;0;0;0;0;0;0;0;0;0;0;0;0;0;0;0;0;0;0;0
Oxytropis.retusa;0;0;1;0;0;1;1;0;1;1;0;1;1;0;1;1;0;1;1;1;1;0;1;0;0;0;0;0;0;0
Oxytropis.revoluta;1;1;1;0;0;0;0;0;0;0;0;0;0;0;0;0;0;0;0;0;0;0;0;0;0;0;0;0;0;0
Oxytropis.rishiriensis;0;0;0;0;0;0;0;0;0;0;0;0;0;0;0;0;0;0;0;0;1;0;0;0;0;0;0;0;0;0
Thermopsis.lanceolata;1;1;1;0;0;1;0;0;0;0;0;0;0;0;1;1;0;1;0;1;1;1;1;1;1;1;1;0;0;1
Trifolium.pacificum;0;0;0;0;0;0;0;0;0;0;0;0;0;0;0;0;0;1;1;1;1;1;1;0;0;0;0;0;0;0
Vicia.amoena;0;0;0;0;0;0;0;0;0;0;0;0;0;0;0;0;0;0;0;0;1;1;0;0;0;0;0;0;0;0
Vicia.cracca;0;0;0;0;0;0;0;0;0;0;0;0;0;0;0;0;0;0;0;1;1;1;1;1;1;0;1;1;0;1
Vicia.japonica;0;0;0;0;0;0;0;0;0;0;0;0;0;0;0;0;0;0;0;0;1;1;1;0;0;0;0;0;0;0
Vicia.nipponica;0;0;0;0;0;0;0;0;0;0;0;0;0;0;0;0;0;0;0;0;1;1;0;0;0;0;0;0;0;0
Vicia.unijuga;0;0;0;0;0;0;0;0;0;0;0;0;0;0;0;0;0;0;0;1;1;1;1;0;1;0;1;0;0;1
Lythrum.salicaria;0;0;0;0;0;0;0;0;0;0;0;0;0;0;0;0;0;0;0;0;1;1;1;0;1;1;1;0;0;0
Chamaenerion.angustifolium;1;1;1;0;0;1;0;0;0;1;0;0;0;0;0;0;0;0;0;1;1;1;1;0;1;0;1;0;0;0
Chamaenerion.latifolium;0;1;1;0;0;0;0;0;0;0;0;0;0;0;0;0;0;0;0;1;0;0;0;0;0;0;0;0;0;0
Circaea.alpina;1;1;1;0;1;1;1;0;0;1;0;1;1;1;1;1;0;0;0;1;1;1;1;0;1;0;1;0;0;0
Circaea.cordata;0;0;0;0;0;0;0;0;0;0;0;0;0;0;0;0;0;0;0;0;0;1;0;0;0;0;0;0;0;0
Epilobium.amurense;0;0;0;0;0;0;0;0;0;0;0;1;0;0;1;1;0;0;0;1;1;1;1;0;0;0;1;0;0;0
Epilobium.anagallidifolium;1;1;1;0;0;1;1;0;0;1;1;0;0;0;1;1;0;0;0;1;1;1;0;0;0;0;0;0;0;0
Epilobium.behringianum;1;1;1;0;1;1;0;0;1;1;0;1;1;0;1;1;0;0;0;1;1;0;0;0;0;0;0;0;0;0
Epilobium.cephalostigma;0;0;0;0;0;0;0;0;0;0;0;0;0;0;0;0;0;0;0;0;1;1;1;0;0;0;0;0;0;0
Epilobium.ciliatum;0;0;0;0;0;0;0;0;0;0;0;0;0;0;0;0;0;0;0;1;1;1;1;1;0;0;0;0;0;0
Epilobium.fastigiatoramosum;0;0;0;0;0;0;0;0;0;0;0;0;0;0;0;0;0;0;0;0;0;0;1;0;0;0;0;0;0;0
Epilobium.fauriei;0;0;0;0;0;0;0;0;0;0;0;0;0;0;0;1;0;0;0;1;1;1;1;0;0;0;0;0;0;0
Epilobium.glandulosum;1;1;1;0;1;1;1;0;0;1;0;1;1;0;1;1;0;0;0;1;0;0;0;0;0;0;0;0;0;0
Epilobium.hornemannii;1;1;1;0;1;1;1;0;1;1;1;1;1;1;1;1;0;0;1;1;1;1;0;0;0;0;0;0;0;0
Epilobium.montanum;0;0;0;0;0;0;0;0;0;0;0;0;0;0;0;0;0;0;0;0;1;1;1;0;0;0;0;0;0;0
Epilobium.palustre;0;1;1;0;0;1;0;0;0;0;0;0;1;0;0;1;0;0;0;1;1;1;1;0;0;0;0;0;0;0
Epilobium.pyrrhicholophum;0;0;0;0;0;0;0;0;0;0;0;0;0;0;0;0;0;0;0;0;1;1;1;0;0;0;0;0;0;0
Myriophyllum.sibiricum;0;0;1;0;0;0;0;0;0;0;0;0;0;0;0;0;0;0;0;0;0;1;0;0;0;0;0;0;0;0
Myriophyllum.spicatum;0;0;0;0;0;0;0;0;0;0;0;0;0;0;0;0;0;0;0;1;1;1;1;0;0;0;0;0;0;0
Phellodendron.sachalinense;0;0;0;0;0;0;0;0;0;0;0;0;0;0;0;0;0;0;0;0;1;1;1;0;0;0;0;0;0;0
Skimmia.japonica;0;0;0;0;0;0;0;0;0;0;0;0;0;0;0;0;0;0;0;1;1;1;0;0;0;0;0;0;0;0
Toxicodendron.orientale;0;0;0;0;0;0;0;0;0;0;0;0;0;0;0;0;0;0;0;1;1;1;1;0;0;0;0;0;0;0
Toxicodendron.trichocarpum;0;0;0;0;0;0;0;0;0;0;0;0;0;0;0;0;0;0;0;0;1;1;1;0;1;0;1;0;0;0
Acer.japonicum;0;0;0;0;0;0;0;0;0;0;0;0;0;0;0;0;0;0;0;0;0;1;0;0;0;0;0;0;0;0
Acer.mayrii;0;0;0;0;0;0;0;0;0;0;0;0;0;0;0;0;0;0;0;1;1;1;1;0;0;0;0;0;0;0
Acer.tschonoskii;0;0;0;0;0;0;0;0;0;0;0;0;0;0;0;0;0;0;0;0;1;1;0;0;0;0;0;0;0;0
Acer.ukurunduense;0;0;0;0;0;0;0;0;0;0;0;0;0;0;0;0;0;0;0;1;1;1;1;0;0;0;0;0;0;0
Oxalis.acetosella;0;1;1;0;0;1;1;0;0;1;0;0;1;0;1;1;0;0;0;1;1;1;1;0;0;0;0;0;0;0
Geranium.erianthum;1;1;1;0;1;1;1;1;1;1;1;1;1;1;1;1;0;1;1;1;1;1;1;1;1;1;1;0;0;1
Geranium.thunbergii;0;0;0;0;0;0;0;0;0;0;0;0;0;0;0;0;0;0;0;0;0;1;1;0;0;0;0;0;0;0
Geranium.yesoense;0;0;0;0;0;0;0;0;0;0;0;0;0;0;0;1;0;0;0;1;1;1;1;0;0;1;1;0;0;1
Impatiens.noli-tangere;0;0;0;0;0;0;0;0;0;0;0;0;0;0;0;0;0;0;0;1;1;1;1;0;0;0;0;0;0;0
Chamaepericlymenum.canadense;0;1;1;0;1;1;0;0;0;1;0;0;0;0;1;1;0;0;0;1;1;1;1;0;0;0;0;0;0;0
Chamaepericlymenum.suecicum;1;1;1;0;1;1;1;0;0;1;1;1;1;1;1;1;0;1;1;1;1;1;1;1;1;0;1;0;0;0
Cornus.controversa;0;0;0;0;0;0;0;0;0;0;0;0;0;0;0;0;0;0;0;0;0;1;0;0;0;0;0;0;0;0
Aralia.cordata;0;0;0;0;0;0;0;0;0;0;0;0;0;0;0;0;0;0;0;1;1;1;1;0;0;0;0;0;0;0
Aralia.elata;0;0;0;0;0;0;0;0;0;0;0;0;0;0;0;0;0;0;0;0;1;1;1;0;0;0;0;0;0;0
Kalopanax.septemlobus;0;0;0;0;0;0;0;0;0;0;0;0;0;0;0;0;0;0;0;0;1;1;1;0;0;0;0;0;0;0
Aegopodium.alpestre;0;0;0;0;0;0;0;0;0;0;0;0;0;0;0;0;0;0;0;0;1;1;1;0;0;0;1;0;0;0
Angelica.anomala;0;0;0;0;0;0;0;0;0;0;0;0;0;0;0;0;0;0;0;0;1;1;1;1;0;1;1;0;0;0
Angelica.genuflexa;1;1;1;0;0;1;0;0;0;0;0;0;1;0;0;0;0;0;0;1;1;1;1;0;1;0;1;0;0;1
Angelica.gmelinii;1;1;1;1;0;1;1;1;1;1;1;1;1;1;1;1;1;1;1;1;1;1;1;1;1;1;1;1;1;1
Angelica.ursina;0;0;0;0;0;0;0;0;0;0;0;0;0;0;0;0;0;0;0;0;0;1;0;0;0;0;0;0;0;0
Anthriscus.sylvestris;1;1;1;0;0;0;0;0;0;0;0;0;0;0;0;0;0;0;0;1;1;1;1;1;0;0;1;1;0;0
Bupleurum.longiradiatum;0;0;0;0;0;0;0;0;0;0;0;0;0;0;0;0;0;0;0;0;1;1;0;0;0;0;0;0;0;0
Bupleurum.shikotanense;0;0;0;0;0;0;0;0;0;0;0;0;0;0;0;0;0;0;0;0;0;0;1;0;0;1;1;0;0;1
Bupleurum.triradiatum;0;0;0;0;0;0;0;0;0;0;0;0;0;0;0;0;0;0;0;0;0;1;1;0;0;0;0;0;0;0
Cicuta.virosa;0;0;0;0;0;0;0;0;0;0;0;0;0;0;0;0;0;0;0;0;1;1;1;1;1;1;1;0;0;0
Conioselinum.chinense;0;0;0;1;1;1;0;1;1;1;1;1;1;1;1;1;1;1;1;1;1;1;1;0;0;0;0;1;0;1
Conioselinum.filicinum;0;0;0;0;0;0;0;0;0;0;0;0;0;0;0;0;0;0;0;1;1;1;0;0;0;0;0;0;0;0
Cryptotaenia.japonica;0;0;0;0;0;0;0;0;0;0;0;0;0;0;0;0;0;0;0;0;1;1;0;0;0;0;0;0;0;0
Glehnia.littoralis;1;1;0;0;0;0;0;0;0;0;0;0;0;0;0;1;0;1;0;1;1;1;1;0;0;1;0;0;0;0
Heracleum.maximum;1;1;1;1;0;1;1;0;1;1;1;1;1;1;1;1;0;1;1;1;1;1;1;1;1;1;1;1;1;0
Hydrocotyle.ramiflora;0;0;0;0;0;0;0;0;0;0;0;0;0;0;0;0;0;0;0;0;1;1;0;0;0;0;0;0;0;0
Kitagawia.terebinthacea;0;0;0;0;0;0;0;0;0;0;0;0;0;0;0;0;0;0;0;0;0;1;1;0;0;0;0;0;0;0
Ligusticum.scothicum;1;1;1;1;1;1;1;1;1;1;1;1;1;1;1;1;1;1;1;1;1;1;1;1;1;1;1;1;0;1
Oenanthe.javanica;0;0;0;0;0;0;0;0;0;0;0;0;0;0;0;0;0;0;0;0;1;1;1;0;0;0;0;0;0;0
Osmorhiza.aristata;0;0;0;0;0;0;0;0;0;0;0;0;0;0;0;0;0;0;0;0;1;1;0;0;0;0;0;0;0;0
Pleurospermum.uralense;0;1;1;0;0;0;0;0;1;0;0;1;1;0;1;1;0;1;1;1;1;1;1;1;0;1;1;1;0;0
Sanicula.chinensis;0;0;0;0;0;0;0;0;0;0;0;0;0;0;0;0;0;0;0;0;0;1;0;0;0;0;0;0;0;0
Sesli.ugoense;0;0;0;0;0;0;0;0;0;0;0;0;0;0;0;0;0;0;0;0;0;1;1;0;0;0;0;0;0;0
Sium.suave;0;0;0;0;0;0;0;0;0;0;0;0;0;0;0;0;0;0;0;0;0;1;0;0;0;0;0;0;0;0
Tilingia.ajanensis;1;1;1;0;1;1;1;0;1;1;0;1;1;1;1;1;0;1;1;1;1;1;1;0;0;0;0;0;0;0
Torilis.japonica;0;0;0;0;0;0;0;0;0;0;0;0;0;0;0;0;0;0;0;0;0;1;1;0;0;0;0;0;0;0
Ilex.crenata;0;0;0;0;0;0;0;0;0;0;0;0;0;0;0;0;0;0;0;1;1;1;1;0;0;0;0;0;0;0
Ilex.rugosa;0;0;1;0;0;1;0;0;0;1;0;0;1;0;1;1;0;0;0;1;1;1;1;0;0;0;0;0;0;0
Ilex.sugerokii;0;0;0;0;0;0;0;0;0;0;0;0;0;0;0;0;0;0;0;0;1;1;0;0;0;0;0;0;0;0
Celastrus.orbiculatus;0;0;0;0;0;0;0;0;0;0;0;0;0;0;0;0;0;0;0;0;1;1;1;0;1;0;1;0;0;0
Euonymus.alatus;0;0;0;0;0;0;0;0;0;0;0;0;0;0;0;0;0;0;0;1;1;1;0;0;0;0;0;0;0;0
Euonymus.hamiltonianus;0;0;0;0;0;0;0;0;0;0;0;0;0;0;0;0;0;0;0;0;1;1;0;0;0;0;0;0;0;0
Euonymus.macropterus;0;0;0;0;0;0;0;0;0;0;0;0;0;0;0;0;0;0;0;1;1;1;1;0;0;0;0;0;0;0
Euonymus.oxyphyllus;0;0;0;0;0;0;0;0;0;0;0;0;0;0;0;0;0;0;0;0;0;1;0;0;0;0;0;0;0;0
Euonymus.planipes;0;0;0;0;0;0;0;0;0;0;0;0;0;0;0;0;0;0;0;0;1;1;0;0;0;0;0;0;0;0
Euonymus.sachalinensis;0;0;0;0;0;0;0;0;0;0;0;0;0;0;0;0;0;0;0;1;1;1;0;0;0;0;0;0;0;0
Parnassia.palustris;1;1;1;0;1;1;1;0;1;1;0;1;1;1;1;1;0;1;1;1;1;1;1;1;1;1;0;0;0;0
Thesium.refractum;0;0;0;0;0;0;0;0;0;0;0;0;0;0;0;0;0;0;0;0;1;1;1;0;0;0;0;0;0;0
Ampelopsis.heterophylla;0;0;0;0;0;0;0;0;0;0;0;0;0;0;0;0;0;0;0;0;0;1;1;0;0;0;0;0;0;0
Vitis.coignetiae;0;0;0;0;0;0;0;0;0;0;0;0;0;0;0;0;0;0;0;0;1;1;1;0;1;1;1;0;0;0
Galium.boreale;1;1;1;0;0;0;0;0;0;0;0;0;0;0;0;0;0;0;0;1;0;1;1;0;1;0;0;0;0;0
Galium.kamtschaticum;1;1;1;0;1;1;1;0;0;1;0;1;1;0;1;1;0;0;1;1;1;1;1;0;0;0;0;0;0;0
Galium.lacteum;0;0;0;0;0;0;0;0;0;0;0;0;0;0;0;1;0;0;0;1;1;1;1;0;1;1;1;0;0;0
Galium.nakaii;0;0;0;0;0;0;0;0;0;0;0;0;0;0;0;0;0;0;0;0;0;1;0;0;0;0;0;0;0;0
Galium.odoratum;0;0;0;0;0;0;0;0;0;0;0;0;0;0;0;0;0;0;0;1;1;1;1;0;0;0;0;0;0;0
Galium.pseudoasprellum;0;0;0;0;0;0;0;0;0;0;0;0;0;0;0;0;0;0;0;0;0;1;1;0;0;0;0;0;0;0
Galium.spurium;0;0;0;0;0;0;0;0;0;0;0;0;0;0;0;0;0;0;0;0;0;2;0;0;0;0;0;0;0;0
Galium.trifidum;1;1;1;0;1;1;1;0;0;0;0;1;1;1;1;1;0;0;0;1;1;1;1;0;1;0;0;0;0;1
Galium.trifloriforme;0;0;0;0;0;0;0;0;0;0;0;0;0;0;0;0;0;0;0;0;1;1;1;0;0;0;0;0;0;0
Galium.triflorum;1;0;0;0;0;1;0;0;0;0;0;0;0;0;0;1;0;0;0;1;1;1;1;0;0;0;0;0;0;0
Galium.verum;0;0;0;0;0;1;0;0;0;0;0;0;0;0;0;0;0;0;0;0;0;0;0;0;0;0;0;0;0;0
Mitchella.undulata;0;0;0;0;0;0;0;0;0;0;0;0;0;0;0;0;0;0;0;1;1;0;0;0;0;0;0;0;0;0
Rubia.jesoensis;0;1;1;0;0;0;0;0;0;0;0;0;0;0;0;1;0;0;0;1;1;1;1;1;1;1;1;0;0;0
Cynanchum.maximoviczii;0;0;0;0;0;0;0;0;0;0;0;0;0;0;0;0;0;0;0;0;0;1;1;0;0;0;0;0;0;0
Cynanchum.rostellatum;0;0;0;0;0;0;0;0;0;0;0;0;0;0;0;0;0;0;0;0;0;1;0;0;0;0;0;0;0;0
Gentiana.axillariflora;0;0;0;0;0;0;0;0;0;0;0;0;0;0;0;0;0;0;0;0;0;1;1;1;1;1;1;0;0;0
Gentiana.glauca;0;1;1;0;0;0;0;0;0;0;0;0;0;0;0;0;0;0;0;1;0;0;0;0;0;0;0;0;0;0
Gentiana.jamesii;0;1;1;0;0;1;1;0;0;1;0;0;1;0;1;1;0;0;0;1;1;0;0;0;0;0;0;0;0;0
Gentiana.zollingeri;0;0;0;0;0;0;0;0;0;0;0;0;0;0;0;0;0;0;0;0;1;1;1;0;0;0;0;0;0;0
Gentianella.auriculata;1;1;1;1;1;1;1;0;1;1;1;1;1;1;1;1;1;1;1;1;1;1;1;0;1;0;0;0;0;0
Halenia.corniculata;1;1;1;0;1;1;1;0;1;1;0;1;1;0;1;1;0;0;0;1;1;1;1;1;1;1;1;0;0;1
Pterygocalyx.volubilis;0;0;0;0;0;0;0;0;0;0;0;0;0;0;0;0;0;0;0;0;1;0;0;0;0;0;0;0;0;0
Swertia.obtusa;0;0;0;0;0;0;0;0;0;0;0;0;0;0;0;0;0;0;0;1;0;0;0;0;0;0;0;0;0;0
Swertia.tetrapetala;1;1;1;0;1;1;1;0;1;1;0;1;1;1;1;1;0;1;1;1;1;1;1;0;0;1;0;0;0;0
Tripterospermum.japonicum;0;0;0;0;0;0;0;0;0;0;0;0;0;0;0;0;0;0;0;1;1;0;1;0;0;0;0;0;0;0
Menyanthes.trifoliata;0;1;1;0;0;1;0;0;0;0;0;1;1;0;1;1;0;0;0;1;1;1;1;1;0;0;1;0;0;0
Nephrophyllidium.crista-galli;0;0;0;0;0;0;0;0;0;0;0;0;0;0;0;0;0;0;0;1;1;0;0;0;0;0;0;0;0;0
Fraxinus.lanuginosa;0;0;0;0;0;0;0;0;0;0;0;0;0;0;0;0;0;0;0;0;0;1;0;0;0;0;0;0;0;0
Fraxinus.mandshurica;0;0;0;0;0;0;0;0;0;0;0;0;0;0;0;0;0;0;0;0;0;1;0;0;0;0;0;0;0;0
Ligustrum.tschonoskii;0;0;0;0;0;0;0;0;0;0;0;0;0;0;0;0;0;0;0;0;1;1;0;0;0;0;0;0;0;0
Syringa.reticulata;0;0;0;0;0;0;0;0;0;0;0;0;0;0;0;0;0;0;0;0;1;1;1;0;0;0;0;0;0;0
Linnaea.borealis;0;1;1;0;1;1;1;0;1;1;0;1;1;1;1;1;0;0;0;1;1;1;0;0;0;0;0;0;0;0
Lonicera.caerulea;1;1;1;0;1;1;1;0;1;1;0;1;1;1;1;1;0;1;1;1;1;1;1;1;1;1;1;0;0;0
Lonicera.chamissoi;0;0;0;0;0;0;0;0;0;0;0;0;0;0;0;1;0;0;0;1;1;1;1;0;0;0;0;0;0;0
Lonicera.chrysantha;0;0;0;0;0;0;0;0;0;0;0;0;0;0;0;0;0;0;0;0;0;1;0;0;0;0;0;0;0;0
Lonicera.glehnii;0;0;0;0;0;0;0;0;0;0;0;0;0;0;0;0;0;0;0;0;1;1;1;0;0;0;0;0;0;0
Lonicera.sachalinensis;0;0;0;0;0;0;0;0;0;0;0;0;0;0;0;0;0;0;0;0;1;1;1;0;1;0;0;0;0;0
Patrinia.gibbosa;0;0;0;0;0;0;0;0;0;0;0;0;0;0;0;0;0;0;0;0;0;1;0;0;0;0;0;0;0;0
Patrinia.scabiosifolia;0;0;0;0;0;0;0;0;0;0;0;0;0;0;0;0;0;0;0;1;1;1;1;0;1;0;0;0;0;1
Patrinia.sibirica;0;0;0;0;0;0;0;0;0;0;0;0;0;0;0;0;0;0;0;1;1;1;1;0;0;0;0;0;0;0
Valeriana.fauriei;0;0;0;0;0;0;0;0;0;0;0;0;0;0;0;0;0;0;0;0;0;1;0;0;0;0;0;0;0;0
Weigela.middendorffiana;0;0;0;0;0;1;0;0;0;0;0;1;1;0;0;1;0;0;1;1;1;1;1;0;0;0;0;0;0;0
Adoxa.moschatellina;0;0;0;0;0;0;0;0;0;0;0;0;0;0;0;0;0;0;0;0;0;1;1;0;0;1;0;1;0;0
Sambucus.sieboldiana;0;0;0;0;0;0;0;0;0;0;0;0;0;0;0;0;0;0;0;1;1;1;1;0;0;1;0;0;0;0
Viburnum.furcatum;0;0;0;0;0;0;0;0;0;0;0;0;0;0;0;0;0;0;0;1;1;1;1;0;0;0;0;0;0;0
Viburnum.sargentii;0;0;0;0;0;0;0;0;0;0;0;0;0;0;0;0;0;0;0;0;1;1;1;0;0;0;1;0;0;0
Viburnum.wrightii;0;0;0;0;0;0;0;0;0;0;0;0;0;0;0;0;0;0;0;1;1;1;1;0;0;0;0;0;0;0
Calystegia.pubescens;0;0;0;0;0;0;0;0;0;0;0;0;0;0;0;1;0;0;0;0;1;1;0;0;0;0;0;0;0;0
Calystegia.soldanella;0;0;0;0;0;0;0;0;0;0;0;0;0;0;0;0;0;0;0;1;1;1;1;0;0;0;0;0;0;0
Polemonium.boreale;0;1;1;0;0;1;0;0;0;0;0;0;0;0;0;0;0;0;0;0;0;0;0;0;0;0;0;0;0;0
Polemonium.campanulatum;0;1;1;0;0;1;0;0;0;0;0;0;0;0;0;0;0;0;0;0;0;0;0;0;0;0;0;0;0;0
Polemonium.laxiflorum;0;0;0;0;0;0;0;0;0;0;0;0;0;0;0;0;0;0;0;0;0;0;0;0;0;0;0;0;0;0
Polemonium.schizanthum;0;0;0;0;0;0;0;0;0;0;0;0;0;0;0;0;0;0;0;0;0;1;1;0;0;0;0;0;0;0
Eritrichium.villosum;0;1;0;0;0;0;0;0;0;0;0;0;0;0;0;0;0;0;0;0;0;0;0;0;0;0;0;0;0;0
Mertensia.kamczatica;1;1;1;0;0;1;0;0;0;1;0;0;0;0;0;0;0;0;0;0;0;0;0;0;0;0;0;0;0;0
Mertensia.maritima;1;1;1;0;1;1;1;0;0;1;0;1;1;1;1;1;0;1;0;1;1;1;1;1;1;1;0;0;0;1
Mertensia.pterocarpa;0;1;1;0;0;1;0;0;0;1;0;0;0;0;0;0;0;1;0;1;1;1;1;0;0;0;0;0;0;0
Myosotis.cespitosa;0;0;0;0;0;0;0;0;0;0;0;0;0;0;0;0;0;0;0;0;1;1;1;0;0;0;0;0;0;0
Myosotis.sylvatica;0;0;2;0;0;0;0;0;0;0;0;0;0;0;0;0;0;0;0;0;0;1;1;0;0;0;1;0;0;0
Plagiobotrys.orientalis;0;1;1;0;0;0;0;0;0;0;0;0;0;0;0;0;0;0;0;0;0;0;0;0;0;0;0;0;0;0
Erythranthe.sessilifolia;0;0;0;0;0;0;0;0;0;0;0;0;0;0;0;0;0;0;0;0;0;1;0;0;0;0;0;0;0;0
Erythranthe.inflata;0;0;0;0;0;0;0;0;0;0;0;0;0;0;0;0;0;0;0;0;0;1;0;0;0;0;0;0;0;0
Phryma.asiatica;0;0;0;0;0;0;0;0;0;0;0;0;0;0;0;0;0;0;0;0;0;1;0;0;0;0;0;0;0;0
Agastache.rugosa;0;0;0;0;0;0;0;0;0;0;0;0;0;0;0;0;0;0;0;0;0;1;0;0;0;0;0;0;0;0
Ajuga.shikotanensis;0;0;0;0;0;0;0;0;0;0;0;0;0;0;0;0;0;0;0;0;0;0;1;0;0;0;0;0;0;0
Clinopodium.chinense;0;0;0;0;0;0;0;0;0;0;0;0;0;0;0;0;0;0;0;0;1;1;1;0;0;0;1;0;0;0
Clinopodium.kunashirense;0;0;0;0;0;0;0;0;0;0;0;0;0;0;0;0;0;0;0;0;0;1;0;0;0;0;0;0;0;0
Clinopodium.micranthum;0;0;0;0;0;0;0;0;0;0;0;0;0;0;0;0;0;0;0;0;1;1;1;0;0;0;1;0;0;0
Dracocephalum.charkeviczii;0;0;0;0;0;0;0;0;0;0;0;0;0;0;0;0;0;0;0;0;0;1;1;0;0;0;0;0;0;0
Galeopsis.bifida;0;0;1;0;0;0;0;0;0;0;0;0;0;0;0;0;0;0;0;1;1;1;1;0;0;0;0;0;0;0
Glehoma.grandis;0;0;0;0;0;0;0;0;0;0;0;0;0;0;0;0;0;0;0;0;0;1;0;0;0;0;0;0;0;0
Lamium.barbatum;0;0;0;0;0;0;0;0;0;0;0;0;0;0;0;0;0;0;0;0;0;1;0;0;0;0;0;0;0;0
Lycopus.cavaleriei;0;0;0;0;0;0;0;0;0;0;0;0;0;0;0;0;0;0;0;0;0;1;0;0;0;0;0;0;0;0
Lycopus.lucidus;0;0;0;0;0;0;0;0;0;0;0;0;0;0;0;0;0;0;0;0;0;1;0;0;1;0;0;0;0;0
Lycopus.uniflorus;0;0;0;0;0;0;0;0;0;0;0;0;0;0;0;0;0;0;0;0;1;1;1;0;1;1;0;0;0;0
Mentha.canadensis;0;0;1;0;0;0;0;0;0;0;0;0;0;0;0;0;0;0;0;1;1;1;1;1;1;0;1;0;0;0
Mosla.dianthera;0;0;0;0;0;0;0;0;0;0;0;0;0;0;0;0;0;0;0;0;1;1;1;0;0;0;0;0;0;0
Nepeta.yesoensis;0;0;0;0;0;0;0;0;0;0;0;0;0;0;0;0;0;0;0;0;0;1;0;0;0;0;0;0;0;0
Prunella.asiatica;0;1;1;0;0;0;0;0;0;0;0;1;0;0;0;0;0;0;0;1;1;1;1;0;1;0;1;0;0;0
Scutellaria.shikokiana;0;0;0;0;0;0;0;0;0;0;0;0;0;0;0;0;0;0;0;0;0;1;0;0;0;0;0;0;0;0
Scutellaria.strigillosa;0;0;0;0;0;0;0;0;0;0;0;0;0;0;0;0;0;0;0;0;1;1;1;1;1;1;0;0;0;0
Scutellaria.yezoensis;0;0;0;0;0;0;0;0;0;0;0;0;0;0;0;0;0;0;0;1;1;1;1;1;1;1;1;0;0;0
Teucrium.miquelianum;0;0;0;0;0;0;0;0;0;0;0;0;0;0;0;0;0;0;0;0;0;1;0;0;0;0;0;0;0;0
Stachys.riederi;0;0;0;0;0;0;0;0;0;0;0;0;0;0;0;0;0;0;0;0;1;1;1;1;1;1;1;0;0;0
Thymus.semiglaber;0;0;0;0;0;0;0;0;0;0;0;0;0;0;0;0;0;0;0;0;0;1;0;0;0;0;0;0;0;0
Solanum.dulcamara;0;0;0;0;0;0;0;0;0;0;0;0;0;0;0;0;0;0;0;0;1;1;1;0;0;0;0;0;0;0
Scrophularia.alata;0;0;0;0;0;0;0;0;0;0;0;0;0;0;0;0;0;0;0;0;1;1;1;1;1;1;1;1;0;0
Boschniakia.rossica;0;1;1;0;1;1;0;0;0;1;0;0;1;0;1;1;0;0;0;1;1;1;0;0;0;0;0;0;0;0
Euphrasia.mollis;1;1;1;0;1;1;1;1;1;1;1;1;1;1;1;1;0;1;1;1;1;1;1;0;0;0;0;0;0;0
Euphrasia.tatarica;0;0;0;0;0;0;0;0;0;0;0;0;0;0;0;0;0;0;0;0;1;1;1;0;0;0;0;0;0;0
Euphrasia.yezoensis;0;0;0;0;0;0;0;0;0;0;0;0;0;0;0;0;0;0;0;1;1;1;1;0;1;1;1;0;0;0
Orobanche.coerulescens;0;0;0;0;0;0;0;0;0;0;0;0;0;0;0;0;0;0;0;0;0;0;1;0;0;0;0;0;0;0
Pedicularis.adunca;0;1;1;0;0;1;0;0;0;0;0;0;0;0;0;0;0;0;0;0;0;0;0;0;0;0;0;0;0;0
Pedicularis.apodochila;0;0;0;0;0;0;0;0;0;0;0;0;0;0;0;0;0;0;0;0;1;0;0;0;0;0;0;0;0;0
Pedicularis.capitata;0;1;1;0;0;0;0;0;0;0;0;0;0;0;0;0;0;0;0;0;0;0;0;0;0;0;0;0;0;0
Pedicularis.chamissonis;1;1;1;0;1;1;1;0;1;1;1;1;1;1;1;1;0;1;1;1;1;1;1;0;0;0;0;0;0;0
Pedicularis.interioroides;0;0;1;0;0;0;0;0;0;0;0;0;0;0;0;0;0;0;0;0;0;0;0;0;0;0;0;0;0;0
Pedicularis.labradorica;1;1;1;0;1;1;1;0;0;1;0;1;1;1;1;1;0;0;1;1;1;0;1;0;0;0;0;0;0;0
Pedicularis.lapponica;0;0;1;0;0;0;0;0;0;0;0;0;0;0;0;0;0;0;0;0;0;0;0;0;0;0;0;0;0;0
Pedicularis.novaiae-zemliae;0;1;1;0;0;1;0;0;0;0;0;0;0;0;0;0;0;0;0;0;0;0;0;0;0;0;0;0;0;0
Pedicularis.oederi;0;1;1;0;0;0;0;0;0;0;0;0;0;0;0;0;0;0;0;1;0;0;0;0;0;0;0;0;0;0
Pedicularis.pallasii;0;1;1;0;1;1;0;0;0;1;0;0;0;0;0;0;0;0;0;0;0;0;0;0;0;0;0;0;0;0
Pedicularis.resupinata;1;1;1;0;0;1;0;0;0;1;0;1;1;0;1;1;0;1;1;1;1;1;1;1;0;1;1;0;0;1
Pedicularis.schistostegia;1;0;0;0;0;0;0;0;0;0;0;0;0;0;0;0;0;0;1;1;1;1;1;0;0;0;0;0;0;0
Pedicularis.verticillata;0;1;1;0;0;0;0;0;0;0;0;0;0;0;0;0;0;0;0;1;1;0;0;0;0;0;0;0;0;0
Phacellanthus.tubiflorus;0;0;0;0;0;0;0;0;0;0;0;0;0;0;0;0;0;0;0;0;0;1;0;0;0;0;0;0;0;0
Callitriche.hermaphroditica;0;1;0;0;0;0;0;0;0;0;0;0;0;0;0;0;0;0;0;0;1;0;0;0;0;0;0;0;0;0
Callitriche.palustris;0;1;1;0;0;1;0;0;0;0;0;1;0;0;0;0;0;0;1;0;1;1;1;0;0;1;0;0;0;0
Hippuris.lanceolata;0;0;1;0;0;0;0;0;0;0;0;0;0;0;0;0;0;0;0;0;1;0;0;0;0;0;0;0;0;0
Hippuris.vulgaris;0;1;1;0;1;1;1;0;0;0;0;1;1;0;1;1;0;0;0;1;1;1;1;1;0;0;1;0;0;0
Lagotis.glauca;1;1;1;0;0;1;0;0;0;1;0;0;1;0;0;1;0;1;1;1;1;0;1;0;0;0;0;0;0;0
Limosella.aquatica;0;1;1;0;0;0;0;0;0;0;0;0;0;0;0;0;0;0;0;1;1;0;0;0;0;0;0;0;0;0
Linaria.japonica;0;0;0;0;0;0;0;0;0;0;0;0;0;0;0;0;0;0;0;1;1;1;1;1;1;1;1;0;0;1
Pennellianthus.frutescens;1;1;1;0;0;1;1;0;1;1;1;1;0;0;1;1;0;1;1;1;1;1;0;0;0;0;0;0;0;0
Plantago.asiatica;0;0;1;0;1;1;0;0;0;0;0;0;0;0;0;1;0;0;1;1;1;1;1;0;1;1;1;0;0;1
Plantago.camtschatica;1;1;1;0;1;1;0;0;0;1;0;1;1;1;1;1;1;0;0;1;1;1;1;1;1;1;1;1;0;1
Plantago.japonica;0;0;0;0;0;0;0;0;0;0;0;0;0;0;0;0;0;0;0;0;0;1;1;0;0;0;1;0;0;0
Veronica.americana;1;1;1;0;1;1;1;0;1;1;0;1;1;0;1;1;0;0;0;1;1;1;1;0;0;0;0;1;0;0
Veronica.grandiflora;1;1;1;0;0;1;0;0;1;1;0;0;0;0;0;0;0;0;0;0;0;0;0;0;0;0;0;0;0;0
Veronica.schmidtiana;0;0;0;0;0;0;0;0;0;0;0;0;0;0;0;0;0;0;0;0;1;1;1;0;0;0;0;0;0;0
Veronica.stelleri;1;1;1;0;1;1;1;0;1;1;1;1;1;1;1;1;0;0;1;1;1;1;0;0;0;0;0;0;0;0
Pinguicula.macroceras;1;1;1;0;1;1;0;0;0;1;0;0;1;1;1;1;0;0;1;1;1;1;0;0;0;0;0;0;0;0
Pinguicula.villosa;0;0;0;0;0;0;0;0;0;0;0;0;0;0;0;0;0;0;0;0;0;0;1;0;0;0;0;0;0;0
Utricularia.australis;0;0;0;0;0;0;0;0;0;0;0;0;0;0;0;0;0;0;0;0;1;1;0;0;0;0;0;0;0;0
Utricularia.intermedia;0;1;1;0;0;0;0;0;0;0;0;0;0;0;0;0;0;0;0;1;1;1;1;0;0;0;0;0;0;0
Utricularia.macrorhiza;0;1;0;0;0;0;0;0;0;0;0;0;0;0;0;0;0;0;0;0;0;1;0;0;0;0;0;0;0;0
Utricularia.minor;0;0;0;0;0;0;0;0;0;0;0;0;0;0;0;0;0;0;0;0;1;1;1;0;0;0;0;0;0;0
Adenophora.pereskiifolia;0;0;0;0;0;0;0;0;0;0;0;0;0;0;0;0;0;0;0;0;0;1;1;0;0;0;0;0;0;0
Adenophora.triphylla;0;0;0;0;0;0;0;0;0;0;0;0;1;0;0;1;0;1;1;1;1;1;1;1;1;1;1;0;0;1
Campanula.chamissonis;1;1;1;0;1;1;1;0;0;1;0;0;1;0;1;1;0;1;1;1;1;1;1;0;0;0;0;0;0;0
Campanula.lasiocarpa;1;1;1;1;1;1;1;1;1;1;1;1;1;1;1;1;1;1;0;1;1;1;1;0;1;0;0;0;0;0
Campanula.rotundifolia;0;0;0;0;0;0;0;0;0;0;0;0;0;0;0;0;0;0;0;1;0;0;0;0;0;1;0;0;0;0
Codonopsis.lanceolata;0;0;0;0;0;0;0;0;0;0;0;0;0;0;0;0;0;0;0;0;0;1;0;0;0;0;0;0;0;0
Lobelia.sessilifolia;0;0;1;0;0;0;0;0;0;0;0;0;0;0;0;0;0;0;0;1;1;1;1;1;1;1;1;0;0;0
Peracarpa.carnosa;1;0;1;0;0;0;1;0;1;1;1;1;1;0;1;1;0;1;1;1;1;1;0;0;0;0;0;0;0;0
Achillea.alpina;0;0;0;0;0;0;0;0;0;0;0;0;0;0;0;0;0;0;0;0;0;1;0;0;0;0;0;0;0;0
Achillea.asiatica;0;0;0;0;0;0;0;0;0;0;0;1;0;0;0;0;0;0;0;1;1;1;1;0;0;0;0;0;0;0
Achillea.camtschatica;1;1;1;0;1;1;1;0;0;1;1;1;1;1;1;1;0;0;0;0;1;1;1;1;1;0;1;0;0;0
Achillea.japonica;0;0;0;0;0;0;0;0;0;0;0;0;0;0;0;0;0;0;0;0;1;1;1;1;1;1;1;1;1;1
Achillea.macrocephala;1;1;1;0;0;1;0;0;1;1;0;1;1;1;1;1;0;1;1;1;1;1;1;0;0;1;1;0;0;1
Achillea.millefolium;0;0;1;0;0;0;0;0;0;0;0;0;0;0;0;0;0;0;0;0;0;1;1;0;1;0;0;0;0;0
Adenocaulon.himalaicum;0;0;0;0;0;0;0;0;0;0;0;0;0;0;0;0;0;0;0;0;1;1;0;0;0;0;0;0;0;0
Anaphalis.margaritacea;1;1;1;0;1;1;1;1;1;1;1;1;1;1;1;1;0;1;1;1;1;1;1;1;1;1;1;0;0;1
Antennaria.dioica;1;1;1;0;0;0;0;0;0;0;0;1;0;0;0;0;0;0;0;0;1;0;0;0;0;0;0;0;0;0
Arctanthemum.arcticum;1;1;1;1;1;1;1;1;1;1;1;1;1;0;1;1;0;0;0;0;0;0;0;0;0;0;0;0;0;0
Arctanthemum.kurilense;0;0;0;0;0;0;0;0;0;0;0;0;0;1;0;0;1;1;1;1;1;1;1;0;0;0;0;0;0;0
Arnica.unalaschkensis;1;1;1;0;1;1;1;0;0;1;0;0;1;1;1;1;0;1;1;1;1;0;1;0;0;0;0;0;0;0
Artemisia.arctica;1;1;1;0;0;1;0;0;0;0;0;0;0;0;0;1;0;0;0;1;1;1;0;0;0;0;0;0;0;0
Artemisia.borealis;1;0;1;0;0;0;0;0;0;0;0;0;0;0;0;0;0;0;0;0;0;0;0;0;0;0;0;0;0;0
Artemisia.furcata;1;1;1;0;0;0;0;0;0;0;0;0;0;0;1;0;0;0;0;0;0;0;0;0;0;0;0;0;0;0
Artemisia.glomerata;1;0;1;0;0;1;0;0;0;0;0;0;0;0;0;0;0;0;0;0;0;0;0;0;0;0;0;0;0;0
Artemisia.gmelinii;0;0;0;0;0;0;0;0;0;0;0;0;0;0;0;0;0;0;0;0;1;1;1;0;1;0;1;0;0;0
Artemisia.insularis;0;0;0;0;0;0;0;0;0;0;0;0;0;0;0;0;0;0;0;0;1;0;0;0;0;0;0;0;0;0
Artemisia.japonica;0;0;0;0;0;0;0;0;0;0;0;0;0;0;0;0;0;0;0;0;1;1;1;0;0;0;0;0;0;0
Artemisia.koidzumii;0;0;0;0;0;0;0;0;0;0;0;0;0;0;0;0;0;0;0;1;1;1;1;0;0;1;1;0;0;0
Artemisia.laciniata;0;0;0;0;0;0;0;0;0;0;0;0;0;0;0;0;0;0;0;0;1;1;1;0;0;1;1;0;0;0
Artemisia.littoricola;0;0;0;0;0;0;0;0;0;0;0;0;0;0;0;0;0;0;0;0;1;1;1;0;0;1;1;0;0;0
Artemisia.montana;0;1;1;0;0;0;0;0;0;0;0;0;0;0;0;1;0;0;0;1;1;1;1;1;1;1;1;0;0;0
Artemisia.opulenta;1;0;0;0;0;0;0;0;0;0;0;0;0;0;0;0;0;0;0;1;1;1;1;0;0;0;0;0;0;0
Artemisia.schmidtiana;0;0;0;0;0;0;0;0;0;0;0;0;0;0;0;1;0;0;0;1;1;1;1;0;0;0;0;0;0;0
Artemisia.stelleriana;1;1;1;0;0;1;0;0;0;0;0;0;0;0;0;1;0;1;0;1;1;1;1;0;1;1;0;0;0;1
Artemisia.tilesii;1;1;1;1;1;1;1;1;1;1;1;1;1;1;1;1;0;1;1;1;1;1;1;1;0;0;0;1;0;1
Aster.glehnii;0;0;0;0;0;0;0;0;0;0;0;0;0;0;0;0;0;0;0;1;1;1;1;1;1;1;1;0;0;0
Aster.scaber;0;0;0;0;0;0;0;0;0;0;0;0;0;0;0;0;0;0;0;0;0;1;0;0;0;0;0;0;0;0
Bidens.maximowicziana;0;0;0;0;0;0;0;0;0;0;0;0;0;0;0;0;0;0;0;0;1;1;0;0;0;0;0;0;0;0
Bidens.radiata;0;0;0;0;0;0;0;0;0;0;0;0;0;0;0;0;0;0;0;0;1;1;1;0;0;0;0;0;0;0
Carpesium.triste;0;0;0;0;0;0;0;0;0;0;0;0;0;0;0;0;0;0;0;0;0;1;0;0;0;0;0;0;0;0
Cirsium.charkeviczii;0;0;0;0;0;0;0;0;0;0;0;0;0;0;0;0;0;0;0;0;0;1;1;1;0;0;0;0;0;0
Cirsium.kamtschaticum;1;1;1;1;0;1;1;1;1;1;1;1;1;1;1;1;1;1;1;1;1;1;1;1;1;1;0;1;0;1
Cirsium.pectinellum;0;0;0;0;0;0;0;0;0;0;0;0;0;0;0;0;0;0;0;0;1;1;0;0;0;0;0;0;0;0
Cirsium.shikotanense;0;0;0;0;0;0;0;0;0;0;0;0;0;0;0;0;0;0;0;0;0;0;1;0;1;1;1;0;0;1
Crepis.hokkaidoensis;0;0;0;0;0;0;0;0;0;0;0;0;0;0;0;0;0;0;0;1;1;0;1;0;0;0;0;0;0;0
Erigeron.caespitans;1;1;1;0;0;0;0;0;0;0;0;0;0;0;0;0;0;0;0;0;0;0;0;0;0;0;0;0;0;0
Erigeron.humilis;0;0;1;0;0;0;0;0;0;0;0;0;0;0;0;0;0;0;0;0;0;0;0;0;0;0;0;0;0;0
Erigeron.kamtschaticus;0;0;1;0;0;0;0;0;0;0;0;0;0;0;0;0;0;0;0;1;0;1;1;0;1;0;0;0;0;0
Erigeron.peregrinus;0;0;1;0;0;0;0;0;0;0;0;0;0;0;0;0;0;0;0;0;0;0;0;0;0;0;0;0;0;0
Erigeron.sachalinensis;1;1;1;0;0;0;0;0;0;0;0;0;0;0;0;0;0;0;0;1;1;1;1;0;0;0;1;0;0;0
Erigeron.schikotanensis;0;0;0;0;0;0;0;0;0;0;0;0;0;0;0;0;0;0;0;1;0;1;1;0;0;0;0;0;0;0
Erigeron.thunbergii;0;0;0;0;0;0;0;0;0;0;0;0;0;0;0;0;0;0;0;1;1;1;1;0;0;0;0;0;0;0
Eupatorium.glehnii;0;0;0;0;0;0;0;0;0;0;0;0;0;0;0;0;0;0;0;1;1;1;1;0;0;0;0;0;0;0
Eurybia.sibirica;1;1;1;0;0;0;0;0;0;0;0;0;0;0;0;0;0;0;0;0;0;0;0;0;0;0;0;0;0;0
Gnaphalium.pilulare;0;0;0;0;0;0;0;0;0;0;0;0;0;0;0;0;0;0;0;0;1;1;1;0;0;0;0;0;0;0
Hieracium.umbellatum;1;0;1;0;0;0;0;0;0;0;0;0;0;0;0;1;0;0;0;1;1;1;1;1;1;0;0;0;0;0
Inula.japonica;0;0;0;0;0;0;0;0;0;0;0;0;0;0;0;0;0;0;0;0;1;1;0;0;0;0;0;0;0;0
Inula.salicina;0;0;0;0;0;0;0;0;0;0;0;0;0;0;0;0;0;0;0;0;0;1;1;0;0;0;0;0;0;0
Ixeridium.dentatum;0;0;0;0;0;0;0;0;0;0;0;0;0;0;0;0;0;0;0;1;1;1;1;0;0;0;0;0;0;0
Ixeridium.kurilense;0;0;0;0;0;0;0;0;0;0;0;0;0;0;0;0;0;0;0;0;0;1;0;0;0;0;0;0;0;0
Ixeris.repens;1;1;1;0;0;0;0;0;0;0;0;0;0;0;0;1;0;1;0;1;1;1;1;0;0;1;0;0;0;0
Jacobaea.cannabifolia;1;1;1;0;1;1;1;0;1;1;0;1;1;1;1;1;0;0;0;1;1;1;1;1;0;1;1;0;0;0
Jacobaea.nemorensis;0;0;0;0;0;0;0;0;0;0;0;0;0;0;0;0;0;0;0;1;1;1;1;0;1;1;1;0;0;0
Jacobaea.pseudoarnica;1;1;1;0;1;1;1;0;0;1;0;1;1;1;1;1;0;1;0;1;1;1;1;1;1;1;1;1;1;1
Lactuca.raddeana;0;0;0;0;0;0;0;0;0;0;0;0;0;0;0;0;0;0;0;0;1;1;1;0;0;0;0;0;0;0
Lactuca.sibirica;0;1;1;0;0;0;0;0;0;0;0;0;0;0;0;0;0;0;0;0;1;1;1;1;1;0;0;0;0;0
Leibnitzia.anandria;0;0;0;0;0;0;0;0;0;0;0;0;0;0;0;0;0;0;0;0;0;1;1;0;0;0;0;0;0;0
Leontopodium.kurilense;0;0;0;0;0;0;0;0;0;0;0;0;0;0;0;0;0;0;0;0;1;0;1;0;0;0;0;0;0;0
Ligularia.hodgsonii;0;0;0;0;0;0;0;0;0;0;0;0;0;0;0;0;0;0;0;1;1;1;1;1;1;1;1;1;0;1
Parasenecio.kamtschaticus;1;1;1;0;0;1;0;1;1;1;0;1;1;1;1;1;0;1;1;1;1;1;1;1;1;1;1;0;0;0
Parasenecio.robustus;0;0;0;0;0;0;0;0;0;0;0;0;0;0;0;0;0;0;0;1;1;1;1;1;0;0;1;1;0;0
Petasites.japonicus;0;1;1;0;0;1;1;0;0;1;0;1;1;1;1;1;0;1;1;1;1;1;1;0;1;1;1;1;0;1
Picris.japonica;0;0;0;0;0;0;0;0;0;0;0;0;0;0;0;1;0;0;0;1;1;1;1;1;1;1;1;1;0;1
Picris.kamtschatica;1;1;1;0;1;1;1;0;0;1;0;1;1;1;1;1;0;0;1;1;0;0;0;0;0;0;0;0;0;0
Pilosella.tristis;1;1;1;0;0;1;1;0;1;0;0;0;0;0;0;0;0;0;0;0;0;0;0;0;0;0;0;0;0;0
Saussurea.fauriei;0;0;0;0;0;0;0;0;0;0;0;0;0;0;0;0;0;0;0;0;1;1;1;0;0;0;0;0;0;0
Saussurea.kurilensis;0;0;0;0;0;0;0;0;0;0;0;0;0;0;0;1;0;1;1;1;1;0;0;0;0;0;0;0;0;0
Saussurea.nuda;1;1;1;0;0;0;0;0;0;0;0;0;0;0;0;0;0;0;0;0;0;0;0;0;0;0;0;0;0;0
Saussurea.oxyodonta;0;1;1;0;0;0;0;0;0;0;0;0;0;0;0;0;0;0;0;0;0;0;0;0;0;0;0;0;0;0
Saussurea.riederi;1;1;1;0;0;1;1;0;1;1;0;1;1;1;1;1;0;1;1;1;1;1;1;1;0;0;1;1;0;0
Solidago.dahurica;0;0;0;0;0;0;0;0;0;0;0;0;0;0;0;0;0;0;0;0;0;1;1;1;1;1;1;0;0;0
Solidago.paramuschirensis;1;1;1;0;1;1;1;1;1;1;0;1;1;1;1;1;0;1;1;1;1;1;1;0;0;0;0;0;0;0
Solidago.spiraeifolia;0;1;1;0;0;0;0;0;0;0;0;0;0;0;0;0;0;0;0;0;0;0;0;0;0;0;0;0;0;0
Sonchus.arvensis;0;0;1;0;0;0;0;0;0;0;0;0;0;0;0;0;0;0;0;0;1;1;1;0;0;0;0;0;0;1
Sonchus.brachyotus;0;0;0;0;0;0;0;0;0;0;0;0;0;0;0;0;0;0;0;0;1;1;1;1;1;0;1;0;0;1
Tanacetum.vulgare;0;0;0;0;0;0;0;0;0;0;0;0;0;0;0;0;0;0;0;1;1;0;0;0;0;0;0;0;0;0
Taraxacum.acricorne;0;0;0;0;0;0;0;0;0;0;0;0;0;0;0;0;0;0;0;0;0;1;0;0;0;0;0;0;0;0
Taraxacum.alaskanum;0;1;0;0;0;0;0;0;0;0;0;0;0;0;0;0;0;0;0;0;0;0;0;0;0;0;0;0;0;0
Taraxacum.brachycarpum;0;0;0;0;0;0;0;0;0;0;0;0;0;0;0;0;0;0;0;0;0;1;0;0;0;0;0;0;0;0
Taraxacum.ceratophorum;1;1;1;0;0;1;1;0;0;1;1;1;1;0;1;1;0;0;0;1;1;0;0;0;0;0;0;0;0;0
Taraxacum.giganteum;0;0;0;0;0;0;0;0;0;0;0;0;0;0;0;0;0;0;0;0;1;0;0;0;0;0;0;0;0;0
Taraxacum.ketoiense;1;1;1;0;0;0;1;0;0;0;1;1;0;0;1;0;0;0;0;1;0;0;0;0;0;0;0;0;0;0
Taraxacum.kimuranum;0;0;1;0;0;0;0;0;0;0;0;1;0;0;0;0;0;0;0;0;0;1;1;0;0;0;0;0;0;0
Taraxacum.koijimae;1;1;1;0;0;0;0;0;0;0;0;0;0;0;0;0;0;0;0;0;0;0;0;0;0;0;0;0;0;0
Taraxacum.longicorne;0;0;0;0;0;0;0;0;0;0;0;0;0;0;0;0;0;0;0;0;1;0;0;0;0;0;0;0;0;0
Taraxacum.macroceras;0;1;1;0;0;0;0;0;0;0;0;0;0;0;0;0;0;0;0;0;0;0;0;0;0;0;0;0;0;0
Taraxacum.miyakei;0;0;0;0;0;0;0;0;0;0;0;0;0;0;0;0;0;0;0;0;1;0;0;0;0;0;0;0;0;0
Taraxacum.otagyrianum;0;0;0;0;0;0;0;0;0;0;0;0;0;0;0;0;0;0;0;0;0;1;1;0;0;0;0;0;0;0
Taraxacum.perlatescens;1;1;1;1;1;1;1;0;1;1;0;1;0;0;1;0;0;0;0;0;0;0;0;0;0;0;0;0;0;0
Taraxacum.platycranum;0;0;0;0;0;0;0;0;0;0;0;0;0;0;0;0;0;0;0;0;1;1;0;0;1;0;1;0;0;0
Taraxacum.shikotanense;0;0;0;0;0;0;0;0;1;0;1;1;1;1;1;1;1;1;1;1;1;1;1;1;0;1;0;0;0;1
Taraxacum.shimushirense;0;0;0;0;0;0;0;0;0;0;0;1;0;1;1;1;0;0;1;1;0;0;0;0;0;0;0;0;0;0
Taraxacum.shumushuense;1;1;1;0;0;0;0;0;0;0;0;0;0;0;0;0;0;0;0;0;0;0;0;0;0;0;0;0;0;0
Taraxacum.vulcanorum;0;0;0;0;0;0;0;0;0;0;0;0;0;0;0;0;0;0;0;0;1;1;0;0;0;0;0;0;0;0
Tephroseris.kawakamii;0;0;0;0;0;0;0;0;0;0;0;0;0;0;0;0;0;0;0;0;0;0;1;0;0;0;0;0;0;0
Tripleurospermum.tetragonospermum;0;1;1;0;0;1;0;0;0;0;0;0;0;0;0;1;0;0;0;1;1;1;1;1;1;1;1;0;1;1
Tripolium.pannonicum;0;0;0;0;0;0;0;0;0;0;0;0;0;0;0;0;0;0;0;0;0;1;1;0;0;0;0;0;0;0
Alisma.canaliculatum;0;0;0;0;0;0;0;0;0;0;0;0;0;0;0;0;0;0;0;0;0;1;0;0;0;0;0;0;0;0
Scheuchzeria.palustris;0;0;0;0;0;0;0;0;0;0;0;0;0;0;0;0;0;0;0;0;1;1;0;0;0;0;0;0;0;0
Triglochin.asiatica;0;0;0;0;0;0;0;0;0;0;0;0;0;0;0;0;0;0;0;0;1;1;1;0;0;0;0;0;0;0
Triglochin.maritima;0;1;0;0;0;0;0;0;0;0;0;0;0;0;0;0;0;0;0;1;1;1;1;0;0;0;0;0;0;0
Triglochin.palustris;0;1;1;0;0;1;0;0;0;0;0;0;0;0;1;1;0;0;0;1;1;1;1;0;0;0;0;0;0;0
Potamogeton.berchtoldii;0;1;1;0;0;1;0;0;0;0;0;0;0;0;0;0;0;0;0;0;1;1;1;0;0;0;0;0;0;0
Potamogeton.distinctus;0;0;1;0;0;1;0;0;0;0;0;0;1;0;0;0;0;0;1;0;1;1;1;0;0;0;0;0;0;0
Potamogeton.fryeri;0;0;1;0;0;1;0;0;0;0;0;0;0;0;0;0;0;0;0;1;1;1;0;0;0;0;0;0;0;0
Potamogeton.gramineus;0;1;1;0;0;0;0;0;0;0;0;0;0;0;0;0;0;0;0;1;1;1;1;0;0;0;0;0;0;0
Potamogeton.maackianus;0;1;0;0;0;0;0;0;0;0;0;0;0;0;0;0;0;0;0;1;1;1;0;0;0;0;0;0;0;0
Potamogeton.natans;0;1;1;0;0;1;0;0;0;1;0;0;1;0;1;1;0;0;0;1;1;1;1;0;0;0;0;0;0;0
Potamogeton.perfoliatus;0;1;1;0;0;0;0;0;0;0;0;0;0;0;0;0;0;0;0;1;1;1;1;0;0;0;1;0;0;0
Potamogeton.praelongus;0;0;1;0;0;0;0;0;0;0;0;0;0;0;0;0;0;0;0;0;1;1;1;0;0;0;0;0;0;0
Potamogeton.richardsonii;0;0;0;0;0;0;0;0;0;0;0;0;0;0;0;0;0;0;0;0;1;0;1;0;0;0;0;0;0;0
Potamogeton.tenuifolius;0;1;1;0;0;0;0;0;0;0;0;0;0;0;0;0;0;0;0;1;0;0;0;0;0;0;0;0;0;0
Stuckenia.filiformis;0;0;1;0;0;0;0;0;0;0;0;0;0;0;0;0;0;0;0;0;0;0;0;0;0;0;0;0;0;0
Stuckenia.pectinata;0;0;0;0;0;1;0;0;0;0;0;0;0;0;0;0;0;0;0;0;1;0;0;0;0;0;0;0;0;0
Zannichellia.palustris;0;1;0;0;0;0;0;0;0;0;0;0;0;0;0;0;0;0;0;0;0;0;0;0;0;0;0;0;0;0
Ruppia.cirrhosa;1;0;0;0;0;0;0;0;0;0;0;0;0;0;0;0;0;0;0;0;0;0;0;0;0;0;0;0;0;0
Phyllospadix.iwatensis;0;0;0;0;0;0;0;0;0;0;0;0;0;0;0;1;0;0;0;1;1;1;1;0;0;0;0;0;0;1
Zostera.asiatica;0;0;0;0;0;0;0;0;0;0;0;0;0;0;0;0;0;0;0;0;1;1;1;0;0;0;0;0;0;0
Zostera.caespitosa;0;0;0;0;0;0;0;0;0;0;0;0;0;0;0;0;0;0;0;0;0;0;0;0;1;0;0;0;0;0
Zostera.japonica;0;0;0;0;0;0;0;0;0;0;0;0;0;0;0;0;0;0;0;0;0;1;1;0;0;0;0;0;0;0
Zostera.marina;0;0;0;0;0;0;0;0;0;0;0;0;0;0;0;0;0;0;0;0;1;1;1;0;0;0;0;0;0;0
Paris.verticillata;0;0;0;0;0;0;0;0;0;0;0;0;0;0;0;0;0;0;0;0;0;1;0;0;0;0;0;0;0;0
Trillium.apetalon;0;0;0;0;0;0;0;0;0;0;0;0;1;0;0;1;0;0;0;1;1;1;0;0;0;0;0;0;0;0
Trillium.camschatcense;0;1;1;0;0;1;1;0;1;1;0;1;1;1;1;1;0;0;0;1;1;1;1;0;1;1;1;0;0;0
Trillium.tschonoskii;0;0;0;0;0;0;0;0;0;0;0;0;0;0;0;0;0;0;0;0;1;1;0;0;0;0;0;0;0;0
Veratrum.albiflorum;1;1;1;0;0;1;0;0;0;0;0;1;1;0;0;1;0;0;0;1;1;0;0;0;0;0;0;0;0;0
Veratrum.grandiflorum;0;0;0;0;0;0;0;0;0;0;0;0;0;0;0;0;0;1;1;1;1;1;1;0;0;1;1;1;0;0
Veratrum.oxysepalum;1;0;0;0;0;0;0;0;0;0;0;0;0;0;0;0;0;0;0;0;0;0;0;0;0;0;0;0;0;0
Metanarthecium.luteoviridis;0;0;0;0;0;0;0;0;0;0;0;0;0;0;0;0;0;0;0;0;1;1;0;0;0;0;0;0;0;0
Tofieldia.cocinea;1;1;1;0;1;1;0;0;1;1;0;1;1;1;1;1;0;0;1;1;1;1;1;0;0;0;0;0;0;0
Tofieldia.okuboi;0;0;0;0;0;0;0;0;0;0;0;0;0;0;0;0;0;0;0;0;1;0;0;0;0;0;0;0;0;0
Disporum.sessile;0;0;0;0;0;0;0;0;0;0;0;0;0;0;0;0;0;0;0;0;0;1;0;0;0;0;0;0;0;0
Disporum.smilacinum;0;0;0;0;0;0;0;0;0;0;0;0;0;0;0;0;0;0;0;1;1;1;0;0;0;0;0;0;0;0
Cardiocrinum.cordatum;0;0;0;0;0;0;0;0;0;0;0;0;0;0;0;0;0;0;0;0;1;1;0;0;0;0;0;0;0;0
Clintonia.udensis;0;0;0;0;0;0;0;0;0;0;0;0;0;0;0;0;0;0;0;1;1;1;1;0;0;0;0;0;0;0
Erythronium.japonicum;0;0;0;0;0;0;0;0;0;0;0;0;0;0;0;0;0;0;0;1;0;1;0;0;0;0;0;0;0;0
Fritillaria.camschatcensis;1;1;1;1;0;1;1;0;1;1;0;1;1;1;1;1;0;1;1;1;1;1;1;0;0;1;0;1;0;0
Gagea.nakaiana;0;1;1;0;0;0;0;0;0;1;0;0;1;0;1;1;0;0;0;1;1;1;1;0;0;1;0;1;1;0
Gagea.vaginata;0;0;0;0;0;0;0;0;0;0;0;0;0;0;0;0;0;0;0;0;0;1;1;0;0;0;0;0;0;0
Lilium.debile;1;1;1;0;1;1;1;0;1;1;0;1;1;1;1;1;0;1;1;1;1;1;1;0;0;1;0;0;0;0
Lilium.pensylvanicum;0;0;0;0;0;0;0;0;0;0;0;0;0;0;0;0;0;0;0;1;1;1;1;0;0;0;0;0;0;0
Lloydia.serotina;1;1;1;0;1;1;1;0;0;1;0;1;1;1;1;1;0;1;1;1;1;0;1;0;0;0;0;0;0;0
Lloydia.triflora;0;1;1;0;0;0;0;0;0;0;0;0;0;0;0;0;0;0;0;1;0;0;0;0;0;0;0;0;0;0
Streptopus.amplexifolius;1;1;1;0;0;1;1;0;1;1;0;1;1;1;1;1;0;0;1;1;1;1;0;0;0;0;0;0;0;0
Streptopus.streptopoides;0;0;0;0;0;0;0;0;0;0;0;0;0;0;0;1;0;0;0;0;0;1;0;0;0;0;0;0;0;0
Allium.ochotense;0;1;1;0;1;1;0;0;0;1;0;1;1;1;1;1;0;1;1;1;1;1;1;0;0;0;1;1;0;0
Allium.schoenoprasum;0;1;0;0;0;0;0;0;0;0;0;0;0;0;0;0;0;0;0;0;0;1;1;0;0;0;0;0;0;0
Allium.splendens;0;0;0;0;0;0;0;0;0;0;0;0;0;0;0;0;0;0;0;1;1;1;1;0;0;0;0;0;0;0
Allium.strictum;1;1;1;0;0;0;0;0;0;0;0;0;0;0;0;0;0;0;0;0;0;0;0;0;0;0;0;0;0;0
Hemerocallis.esculenta;0;0;0;0;0;0;0;0;0;0;0;0;0;0;0;1;0;0;0;1;1;1;1;1;1;1;1;0;0;0
Hemerocallis.yezoensis;0;0;0;0;0;0;0;0;0;0;0;0;0;0;0;0;0;0;0;0;0;1;0;0;0;0;0;0;0;0
Asparagus.schoberioides;0;0;0;0;0;0;0;0;0;0;0;0;0;0;0;0;0;0;0;0;0;1;0;0;0;0;0;0;0;0
Convallaria.keiskei;0;0;0;0;0;0;0;0;0;0;0;0;0;0;0;0;0;0;0;0;1;1;1;0;1;0;1;0;0;0
Hosta.sieboldii;0;0;0;0;0;0;0;0;0;0;0;0;0;0;0;0;0;0;0;1;1;1;1;0;0;1;0;0;0;0
Maianthemum.dilatatum;1;1;1;1;1;1;1;1;1;1;1;1;1;1;1;1;0;1;1;1;1;1;1;0;1;0;1;1;0;0
Polygonatum.humile;0;0;0;0;0;0;0;0;0;0;0;0;0;0;0;0;0;0;0;1;1;1;1;0;0;0;0;0;0;0
Polygonatum.maximowiczii;0;0;0;0;0;0;0;0;0;0;0;0;0;0;0;0;0;0;0;1;1;1;0;0;0;0;0;0;0;0
Smilacina.davurica;0;0;0;0;0;0;0;0;0;0;0;0;0;0;0;0;0;0;0;0;0;0;1;0;0;0;0;0;0;0
Iris.ensata;0;0;0;0;0;0;0;0;0;0;0;0;0;0;0;0;0;0;0;0;0;1;1;0;1;0;0;0;0;0
Iris.laevigata;0;0;0;0;0;0;0;0;0;0;0;0;0;0;0;0;0;0;0;0;0;1;1;0;1;0;0;0;0;0
Iris.sanguinea;0;0;0;0;0;0;0;0;0;0;0;0;0;0;0;0;0;0;0;0;0;1;0;0;0;0;0;0;0;0
Iris.setosa;1;1;1;0;1;1;1;0;0;1;0;1;1;0;1;1;0;1;0;1;1;1;1;1;1;1;1;0;0;1
Dioscorea.japonica;0;0;0;0;0;0;0;0;0;0;0;0;0;0;0;0;0;0;0;0;0;1;0;0;0;0;0;0;0;0
Cephalanthera.erecta;0;0;0;0;0;0;0;0;0;0;0;0;0;0;0;0;0;0;0;0;1;0;0;0;0;0;0;0;0;0
Cephalanthera.longibracteata;0;0;0;0;0;0;0;0;0;0;0;0;0;0;0;0;0;0;0;0;1;1;1;0;0;0;0;0;0;0
Corallorhiza.trifida;0;1;1;0;0;0;0;0;0;0;0;0;0;0;0;0;0;0;0;0;0;0;0;0;0;0;0;0;0;0
Cremastra.appendiculata;0;0;0;0;0;0;0;0;0;0;0;0;0;0;0;0;0;0;0;0;0;1;0;0;0;0;0;0;0;0
Cypripedium.macranthos;0;1;0;0;1;0;0;0;0;0;0;0;0;0;1;1;0;0;1;1;1;1;1;0;1;0;0;0;0;0
Cypripedium.yatabeanum;0;1;1;0;0;1;0;0;0;0;0;0;1;0;1;1;0;0;0;1;1;1;0;0;0;0;0;0;0;0
Dactylorhiza.aristata;1;1;1;0;0;1;1;0;1;0;0;1;1;1;1;1;0;1;1;1;1;1;1;0;0;0;1;0;0;0
Dactylorhiza.viridis;0;1;1;0;0;0;0;0;0;1;0;0;1;0;1;1;0;1;0;1;1;0;1;0;0;0;0;0;0;0
Dactylostalix.ringens;0;0;0;0;0;0;0;0;0;0;0;0;0;0;0;0;0;0;0;0;1;1;1;0;0;0;0;0;0;0
Eleorchis.japonica;0;0;0;0;0;0;0;0;0;0;0;0;0;0;0;0;0;0;0;0;0;1;0;0;0;0;0;0;0;0
Ephippianthus.sachalinensis;0;0;0;0;0;0;0;0;0;0;0;0;1;0;1;0;0;0;0;1;1;1;1;0;0;0;0;0;0;0
Epipactis.papillosa;0;0;0;0;0;0;0;0;0;0;0;0;0;0;0;0;0;0;0;0;1;1;1;0;0;0;0;0;0;0
Galearis.camtschatica;1;1;1;0;0;0;0;0;0;0;1;0;0;1;1;1;0;0;0;1;1;1;0;0;0;0;0;0;0;0
Gastrodia.elata;0;0;0;0;0;0;0;0;0;0;0;0;0;0;0;0;0;0;0;0;1;1;0;0;0;0;0;0;0;0
Goodtera.schlechtendaliana;0;0;0;0;0;0;0;0;0;0;0;0;0;0;0;0;0;0;0;0;1;0;0;0;0;0;0;0;0;0
Goodyera.henryi;0;0;0;0;0;0;0;0;0;0;0;0;0;0;0;0;0;0;0;1;1;0;0;0;0;0;0;0;0;0
Goodyera.repens;0;0;0;0;0;0;0;0;0;0;0;0;0;0;0;0;0;0;0;0;1;1;1;0;0;0;0;0;0;0
Gymnadenia.conopsea;0;0;0;0;0;0;0;0;0;0;0;0;0;0;0;0;0;0;0;1;1;1;1;0;0;1;1;0;0;0
Habenaria.yezoensis;0;0;0;0;0;0;0;0;0;0;0;0;0;0;0;0;0;0;0;0;0;1;0;0;0;0;0;0;0;0
Hammarbya.paludosa;0;0;1;0;0;0;0;0;0;0;0;0;0;0;0;0;0;0;0;0;0;1;0;0;0;0;0;0;0;0
Liparis.kumokiri;0;0;0;0;0;0;0;0;0;0;0;0;0;0;0;0;0;0;0;0;0;1;0;0;0;0;0;0;0;0
Malaxis.monophyllos;0;1;1;0;0;0;0;0;1;1;0;1;1;1;0;1;0;1;1;1;1;1;1;0;0;0;0;0;0;0
Myrmechis.japonica;0;0;0;0;0;0;0;0;0;0;0;0;0;0;0;0;0;0;0;0;1;1;0;0;0;0;0;0;0;0
Neottia.acuminata;0;0;0;0;0;0;0;0;0;0;0;0;0;0;0;0;0;0;0;0;0;1;0;0;0;0;0;0;0;0
Neottia.cordata;1;1;1;0;0;1;0;0;0;0;0;1;1;0;1;1;0;1;1;1;1;1;1;0;0;0;0;0;0;0
Neottia.nipponica;0;0;0;0;0;0;0;0;0;1;0;0;1;1;1;1;0;1;0;1;1;1;1;0;0;0;0;0;0;0
Neottia.papilligera;0;0;0;0;0;0;0;0;0;0;0;0;0;0;0;0;0;0;0;0;0;1;1;0;0;0;0;0;0;0
Neottia.puberula;0;0;0;0;0;0;0;0;0;0;0;0;0;0;0;0;0;0;1;0;1;1;1;0;0;0;0;0;0;0
Oreorchis.patens;0;0;0;0;0;0;0;0;0;0;0;0;0;0;0;0;0;0;0;1;1;1;1;0;0;0;0;0;0;0
Platanthera.chorisiana;0;1;1;0;0;1;1;0;0;1;0;1;1;0;1;1;0;1;0;1;1;0;0;0;0;0;0;0;0;0
Platanthera.convallariifolia;0;1;1;0;1;0;0;0;1;0;0;1;1;1;1;1;0;1;1;1;1;1;1;0;0;0;0;0;0;0
Platanthera.ditmariana;1;1;1;0;0;0;1;0;1;1;0;1;1;1;1;1;0;1;1;1;1;1;1;0;0;0;1;0;0;0
Platanthera.fuscescens;0;0;0;0;0;0;0;0;0;0;0;0;0;0;0;0;0;0;0;0;1;1;0;0;0;0;0;0;0;0
Platanthera.hologlottis;0;0;0;0;0;0;0;0;0;0;0;0;0;0;0;0;0;0;0;0;0;1;0;0;0;0;1;0;0;0
Platanthera.maximowicziana;0;0;0;0;0;0;0;0;0;0;0;0;0;0;0;0;0;1;1;1;1;0;1;0;0;0;0;0;0;0
Platanthera.metabifolia;0;0;0;0;0;0;0;0;0;0;0;0;0;0;0;0;0;0;0;1;1;1;1;0;0;0;0;0;0;0
Platanthera.ophrydioides;0;0;0;0;0;0;0;0;0;0;0;0;0;0;0;0;0;0;0;1;1;1;1;0;0;0;0;0;0;0
Platanthera.sachalinensis;0;0;0;0;0;0;0;0;0;0;0;0;0;0;0;0;0;0;0;1;1;1;1;0;0;0;0;0;0;0
Platanthera.tipuloides;0;1;1;0;0;1;1;0;1;1;0;0;1;1;1;1;0;1;1;1;1;1;1;0;0;0;0;0;0;0
Pogonia.japonica;0;0;0;0;0;0;0;0;0;0;0;0;0;0;0;0;0;0;0;0;0;1;1;0;0;0;0;0;0;0
Ponerorchis.cucullata;0;0;0;0;0;0;0;0;0;0;0;0;0;0;0;0;0;0;0;0;0;1;1;0;0;0;0;0;0;0
Ponerorchis.kinoshitae;0;0;0;0;0;0;0;0;0;0;0;0;0;0;0;0;0;0;0;0;0;1;0;0;0;0;0;0;0;0
Spiranthes.australis;0;0;0;0;0;0;0;0;0;0;0;0;0;0;0;0;0;0;0;0;1;1;1;1;1;1;1;0;0;0
Juncus.articulatus;1;0;1;0;0;0;0;0;0;0;0;0;0;0;0;0;0;0;0;0;1;1;1;0;1;1;1;0;0;1
Juncus.beringensis;1;1;1;0;0;1;0;0;0;0;0;0;1;0;0;0;0;0;0;1;1;0;0;0;0;0;0;0;0;0
Juncus.biglumis;0;1;1;0;0;1;0;0;0;0;0;0;0;0;0;0;0;0;0;0;0;0;0;0;0;0;0;0;0;0
Juncus.castaneus;1;1;1;0;0;1;0;0;0;0;0;1;1;0;0;0;0;0;0;0;0;1;0;0;0;0;0;0;0;0
Juncus.curvatus;0;0;0;0;0;0;0;0;0;0;0;0;0;0;0;0;0;0;0;0;1;1;0;0;0;0;0;0;0;1
Juncus.decipiens;0;0;0;0;0;0;0;0;0;0;0;0;0;0;0;0;0;0;0;0;1;1;1;0;0;1;1;0;0;1
Juncus.ensifolius;0;0;0;0;0;0;0;0;0;0;0;0;0;0;0;1;0;0;0;1;1;1;0;0;0;0;0;0;0;0
Juncus.fauriei;0;0;0;0;0;0;0;0;0;0;0;0;0;0;0;0;0;0;0;0;1;1;1;1;1;0;1;0;0;0
Juncus.fauriensis;0;0;0;0;0;0;0;0;0;0;0;0;0;0;0;0;0;0;0;1;1;1;0;0;0;0;0;0;0;0
Juncus.filiformis;0;1;1;0;0;1;1;0;0;1;0;0;1;0;1;1;0;0;0;1;1;1;0;0;0;0;0;0;0;1
Juncus.gracillimus;0;0;0;0;0;0;0;0;0;0;0;0;0;0;0;0;0;0;0;0;1;1;1;0;1;0;0;0;0;0
Juncus.haenkei;1;1;1;0;1;1;1;1;1;1;1;1;1;1;1;1;0;0;0;1;1;1;1;1;1;1;0;0;0;1
Juncus.kamschatcensis;0;1;1;0;0;1;0;0;0;1;0;0;1;0;1;1;0;0;0;1;1;1;1;0;0;0;0;0;0;0
Juncus.krameri;0;0;0;0;0;0;0;0;0;0;0;0;0;0;0;0;0;0;0;1;1;1;1;0;0;0;0;0;0;0
Juncus.leschenaultii;0;0;0;0;0;0;0;0;0;0;0;0;0;0;0;0;0;0;0;0;0;1;0;0;0;0;0;0;0;0
Juncus.mertensianus;0;0;0;0;0;0;0;0;0;0;0;0;0;0;0;0;0;0;0;0;1;0;0;0;0;0;0;0;0;0
Juncus.papillosus;0;0;0;0;0;0;0;0;0;0;0;0;0;0;0;0;0;0;0;0;1;1;1;0;1;0;1;0;0;0
Juncus.prominens;0;1;1;0;0;0;0;0;0;0;0;1;1;0;0;1;0;0;0;1;1;1;1;1;0;0;0;0;0;0
Juncus.ranarius;0;1;1;0;0;0;0;0;0;0;0;0;0;0;0;0;0;0;0;0;1;1;0;0;0;0;0;0;0;0
Juncus.stygius;0;0;0;0;0;0;0;0;0;0;0;0;0;0;0;0;0;0;0;0;0;1;0;0;0;0;0;0;0;0
Juncus.triglumis;0;1;1;0;0;1;0;0;0;0;0;0;0;0;0;0;0;0;0;0;0;0;0;0;0;0;0;0;0;0
Juncus.wallichianus;0;0;0;0;0;0;0;0;0;0;0;0;0;0;0;0;0;0;0;0;0;1;0;0;0;0;0;0;0;0
Luzula.capitata;1;1;1;0;0;0;0;0;0;1;0;1;0;1;1;1;0;1;1;1;1;1;1;1;1;1;1;1;0;0
Luzula.jimboi;1;1;1;0;0;1;0;0;1;1;0;1;1;1;1;1;0;0;0;1;1;1;1;0;0;0;0;0;0;0
Luzula.kjellmanniana;0;0;1;0;0;1;0;0;0;0;0;0;1;0;0;0;0;0;0;0;0;0;0;0;0;0;0;0;0;0
Luzula.kobayasii;0;1;1;0;0;0;0;0;0;0;0;0;0;0;0;0;0;0;0;0;0;0;0;0;0;0;0;0;0;0
Luzula.multiflora;0;0;0;0;0;0;0;0;0;0;0;0;0;0;0;1;0;0;0;1;1;1;1;0;0;0;0;0;0;0
Luzula.oligantha;1;1;1;0;1;1;0;0;1;1;0;1;1;0;1;1;0;0;1;0;1;1;0;0;0;0;0;0;0;0
Luzula.pallescens;0;0;0;0;0;0;0;0;0;0;0;0;0;0;0;0;0;0;0;1;1;1;1;0;0;0;0;0;0;0
Luzula.parviflora;0;0;1;0;1;0;1;0;1;1;0;1;1;0;1;1;0;0;0;1;1;0;0;0;0;0;0;0;0;0
Luzula.piperi;1;1;1;0;0;0;0;0;1;1;0;0;0;0;0;0;0;0;0;0;0;0;0;0;0;0;0;0;0;0
Luzula.sibirica;1;1;1;0;1;1;1;1;1;1;1;1;1;1;1;1;0;0;0;1;1;1;1;0;0;0;0;0;0;0
Luzula.unalaschcensis;1;1;1;0;0;1;1;0;0;1;1;1;1;1;0;0;0;0;0;0;1;1;0;0;0;0;0;0;0;0
Bolboschoenuss.yagara;0;0;0;0;0;0;0;0;0;0;0;0;0;0;0;0;0;0;0;0;0;1;0;0;0;0;0;0;0;0
Carex.accrescens;0;0;0;0;0;0;0;0;0;0;0;0;0;0;0;0;0;0;0;0;0;1;1;0;0;0;0;0;0;0
Carex.alascana;0;1;1;0;0;1;0;0;0;1;0;0;1;0;1;1;0;0;0;1;1;1;1;0;0;0;0;0;0;0
Carex.aomorensis;0;1;1;0;0;0;0;0;0;0;0;0;0;0;0;0;0;0;0;1;1;1;1;0;0;1;1;0;0;0
Carex.aphanolepis;0;0;0;0;0;0;0;0;0;0;0;0;0;0;0;0;0;0;0;0;0;1;0;0;0;0;0;0;0;0
Carex.appendiculata;0;1;1;0;0;1;1;0;0;0;0;0;1;0;0;1;0;0;0;1;1;1;1;0;0;0;0;0;0;0
Carex.aquatilis;0;1;1;0;0;1;0;0;0;1;0;0;0;0;1;0;0;0;0;0;0;0;0;0;0;0;0;0;0;0
Carex.arenicola;0;0;0;0;0;0;0;0;0;0;0;0;0;0;0;0;0;0;0;0;1;1;1;0;0;0;0;0;0;0
Carex.augustinowiczii;0;1;1;0;0;1;0;0;0;0;0;0;1;0;0;1;0;0;0;1;1;1;1;0;0;0;0;0;0;0
Carex.auriculata;0;0;0;0;0;0;0;0;0;0;0;0;0;0;0;0;0;0;0;0;1;1;0;0;0;0;0;0;0;0
Carex.blepharicarpa;0;0;0;0;0;0;0;0;0;0;0;0;0;0;0;0;0;0;0;1;1;1;1;0;0;0;0;0;0;0
Carex.bonanzensis;0;0;0;0;0;0;0;0;0;0;0;0;0;0;0;0;0;0;0;0;0;1;0;0;0;0;0;0;0;0
Carex.brunnescens;0;0;1;0;0;1;0;0;0;0;0;0;0;0;0;0;0;0;0;0;1;0;0;0;0;0;0;0;0;0
Carex.callitrichos;0;0;0;0;0;0;0;0;0;0;0;0;0;0;0;0;0;0;0;0;0;1;0;0;0;0;0;0;0;0
Carex.canescens;0;1;1;0;0;1;0;0;0;0;0;0;0;0;0;0;0;0;0;0;1;1;1;0;0;0;0;0;0;0
Carex.capillaris;0;1;1;0;0;0;0;0;0;0;0;0;0;0;0;0;0;0;0;0;0;0;0;0;0;0;0;0;0;0
Carex.cespitosa;0;0;0;0;0;0;0;0;0;0;0;0;0;0;1;0;0;0;0;1;0;0;1;0;1;0;1;0;0;0
Carex.diandra;0;0;0;0;0;0;0;0;0;0;0;0;0;0;0;0;0;0;0;0;1;1;1;0;0;0;0;0;0;0
Carex.diastena;0;1;0;0;0;0;0;0;0;0;0;0;0;0;0;0;0;0;0;0;0;0;0;0;0;0;0;0;0;0
Carex.dispalata;0;0;0;0;0;0;0;0;0;0;0;0;0;0;0;0;0;0;0;0;0;1;1;0;0;0;0;0;0;0
Carex.disperma;0;0;0;0;0;0;0;0;0;0;0;0;0;0;0;0;0;0;0;0;0;1;0;0;0;0;0;0;0;0
Carex.dissitiflora;0;0;0;0;0;0;0;0;0;0;0;0;0;0;0;0;0;0;0;0;1;1;1;0;0;0;0;0;0;0
Carex.doenitzii;0;0;0;0;0;0;0;0;0;0;0;0;0;0;0;0;0;0;0;0;0;1;0;0;0;0;0;0;0;0
Carex.dolichocarpa;0;0;1;0;0;1;0;0;0;0;0;0;1;0;0;1;0;0;0;1;1;1;0;0;0;0;0;0;0;0
Carex.doniana;0;0;0;0;0;0;0;0;0;0;0;0;0;0;0;0;0;0;0;0;0;1;0;0;0;0;0;0;0;0
Carex.echinata;0;1;1;0;0;1;0;0;0;0;0;0;0;0;0;1;0;0;0;0;1;1;1;0;0;0;0;0;0;0
Carex.eleusinoides;0;1;1;0;0;1;0;0;0;0;0;0;0;0;0;0;0;0;0;0;1;0;1;0;0;0;0;0;0;0
Carex.enanderi;0;0;1;0;0;0;0;0;0;0;0;0;0;0;1;0;0;0;0;0;0;0;0;0;0;0;0;0;0;0
Carex.falcata;0;1;1;0;1;1;1;0;0;1;0;0;1;1;1;1;0;1;0;1;1;1;1;0;0;0;0;0;0;0
Carex.flavocuspis;1;1;1;0;0;1;1;0;1;1;0;1;1;1;1;1;0;1;1;1;1;1;1;0;0;0;0;0;0;0
Carex.foliosissima;0;0;0;0;0;0;0;0;0;0;0;0;0;0;0;0;0;0;0;0;0;1;0;0;0;0;0;0;0;0
Carex.fuliginosa;0;1;1;0;0;0;0;0;0;0;0;0;0;0;0;0;0;0;0;0;1;0;0;0;0;0;0;0;0;0
Carex.glareosa;0;0;1;0;0;0;0;0;0;0;0;1;1;1;0;0;0;0;0;0;0;0;0;0;0;0;0;0;0;0
Carex.gmelinii;1;1;1;0;1;1;1;1;1;1;1;1;1;1;1;1;1;1;1;1;1;1;1;1;0;0;0;0;0;0
Carex.hakkodensis;1;1;1;0;1;1;1;0;1;1;0;1;1;0;1;1;0;1;1;1;1;1;0;0;0;0;0;0;0;0
Carex.incisa;0;0;0;0;0;0;0;0;0;0;0;0;0;0;0;0;0;0;0;0;0;1;1;0;0;0;0;0;0;0
Carex.insaniae;0;0;0;0;0;0;0;0;0;0;0;0;0;0;0;0;0;0;0;0;0;1;0;0;0;0;0;0;0;0
Carex.jacens;0;0;0;0;0;0;0;0;0;0;0;0;0;0;1;0;0;0;1;1;1;1;1;0;0;0;0;0;0;0
Carex.japonica;0;0;0;0;0;0;0;0;0;0;0;0;0;0;0;0;0;0;0;0;0;1;0;0;0;0;0;0;0;0
Carex.kobomugi;0;0;0;0;0;0;0;0;0;0;0;0;0;0;0;0;0;0;0;0;0;1;0;0;0;0;0;0;0;0
Carex.koidzumii;0;0;0;0;0;0;0;0;0;0;0;0;0;0;0;0;0;0;0;0;1;1;1;1;1;0;0;0;0;0
Carex.krascheninnikovii;1;1;1;0;0;1;0;0;1;0;0;0;0;0;0;0;0;0;0;0;0;0;0;0;0;0;0;0;0;0
Carex.ktausipali;0;1;1;0;0;1;1;0;0;1;0;0;1;0;0;1;0;1;0;1;1;1;1;0;0;0;0;0;0;0
Carex.kurilensis;0;0;0;0;0;0;0;0;0;0;0;0;0;0;0;0;0;0;0;0;0;0;1;0;0;0;0;0;0;0
Carex.lachenalii;0;1;1;0;0;0;0;0;0;0;0;1;1;0;0;0;0;0;0;0;0;0;0;0;0;0;0;0;0;0
Carex.lapponica;0;0;0;0;0;0;0;0;0;0;0;0;0;0;0;0;0;0;0;0;0;1;0;0;0;0;0;0;0;0
Carex.lasiocarpa;0;0;1;0;0;0;0;0;0;0;0;0;0;0;0;0;0;0;0;0;0;0;0;0;0;0;0;0;0;0
Carex.laxa;0;1;1;0;0;0;0;0;0;0;0;0;0;0;0;0;0;0;0;0;1;1;1;0;0;0;0;0;0;0
Carex.leiogona;0;1;1;0;0;0;0;0;0;0;0;0;0;0;0;0;0;0;0;0;0;1;0;0;0;0;0;0;0;0
Carex.limosa;0;1;1;0;0;0;0;0;0;0;0;0;1;0;1;0;0;0;0;1;1;1;1;0;1;0;0;0;0;0
Carex.livida;0;1;1;0;0;1;0;0;0;0;0;0;0;0;1;0;0;0;0;0;1;1;0;0;0;0;0;0;0;0
Carex.longerostrata;0;0;0;0;0;0;0;0;0;0;0;0;0;0;0;0;0;0;0;1;1;1;1;0;0;0;0;0;0;0
Carex.lyngbyei;1;1;1;0;1;1;1;0;0;1;0;1;1;1;1;1;0;0;0;1;1;1;1;1;1;1;1;0;0;1
Carex.macloviana;1;0;1;0;0;0;0;0;0;0;0;0;0;0;0;0;0;0;0;0;0;0;0;0;0;0;0;0;0;0
Carex.macrocephala;0;1;0;0;0;0;0;0;0;0;0;0;0;0;0;1;0;1;0;1;1;1;1;1;1;1;1;0;0;0
Carex.maximowiczii;0;0;0;0;0;0;0;0;0;0;0;0;0;0;0;0;0;0;0;1;0;1;0;0;0;0;0;0;0;0
Carex.micropoda;0;1;1;0;0;1;0;0;0;0;0;1;1;0;1;0;0;0;0;0;1;0;0;0;0;0;0;0;0;0
Carex.microtricha;1;1;1;0;0;1;1;0;0;1;0;0;1;0;1;1;0;1;1;0;1;1;1;0;0;0;0;0;0;0
Carex.middendorffii;0;1;1;0;0;1;0;0;0;1;0;0;1;0;1;1;0;0;0;1;1;1;1;0;0;0;0;0;0;0
Carex.miyabei;0;0;0;0;0;0;0;0;0;0;0;0;0;0;0;0;0;0;0;0;0;1;0;0;0;0;0;0;0;0
Carex.mollicula;0;0;0;0;0;0;0;0;0;0;0;0;0;0;0;0;0;0;0;0;1;1;1;0;0;0;0;0;0;0
Carex.monile;1;1;1;0;0;1;0;0;0;0;0;0;0;0;1;0;0;0;0;1;1;1;1;0;0;0;0;0;0;0
Carex.nanella;0;0;0;0;0;0;0;0;0;0;0;0;0;0;0;0;0;0;0;0;1;1;1;0;0;0;0;0;0;0
Carex.nemurensis;0;1;1;0;0;0;0;0;0;0;0;0;0;0;0;0;0;0;0;0;1;1;1;0;0;0;0;0;0;0
Carex.nervata;0;0;0;0;0;0;0;0;0;0;0;0;0;0;0;0;0;0;0;0;1;0;1;0;0;0;0;0;0;0
Carex.oederi;0;1;1;0;0;0;0;0;0;0;0;0;0;0;0;0;0;0;0;1;1;1;1;0;0;1;0;0;0;1
Carex.omiana;0;0;0;0;0;0;0;0;0;0;0;0;0;0;0;0;0;0;0;0;1;1;0;0;0;0;0;0;0;0
Carex.oxyandra;0;0;1;0;0;1;1;0;0;0;0;0;0;0;1;1;0;0;0;1;1;1;1;0;0;0;0;0;0;0
Carex.parciflora;0;0;0;0;0;0;0;0;0;0;0;0;0;0;0;0;0;0;0;0;1;1;0;0;0;0;0;0;0;0
Carex.pauciflora;0;1;1;0;0;1;0;0;0;0;0;0;1;0;1;1;0;0;0;1;1;1;1;0;0;0;0;0;0;0
Carex.paupercula;0;0;1;0;0;0;0;0;0;0;0;0;0;0;0;0;0;0;0;0;0;0;0;0;0;0;0;0;0;0
Carex.pisiformis;0;0;0;0;0;0;0;0;0;0;0;0;0;0;0;0;0;0;0;1;1;1;1;0;0;0;0;0;0;0
Carex.pluriflora;0;1;1;0;0;1;0;0;0;0;0;0;0;0;0;0;0;0;0;0;0;0;0;0;0;0;0;0;0;0
Carex.podocarpa;0;0;1;0;0;0;0;0;0;0;0;0;0;0;0;0;0;0;0;0;0;0;0;0;0;0;0;0;0;0
Carex.prionocarpa;0;1;0;0;0;0;0;0;0;0;0;0;0;0;0;0;0;0;0;0;1;0;0;0;0;0;0;0;0;0
Carex.pseudocuraica;0;0;0;0;0;0;0;0;0;0;0;0;0;0;0;0;0;0;0;0;1;1;1;0;0;0;0;0;0;0
Carex.pseudololiacea;0;0;0;0;0;1;0;0;0;1;0;0;0;1;1;1;0;1;0;1;1;1;0;0;0;0;0;0;0;0
Carex.pumila;0;0;0;0;0;0;0;0;0;0;0;0;0;0;0;1;0;0;0;1;1;1;1;1;0;1;1;0;0;0
Carex.rariflora;0;1;1;0;0;1;1;0;0;1;0;1;1;1;1;1;0;0;0;0;0;0;0;0;0;0;0;0;0;0
Carex.recticulmis;0;0;0;0;0;0;0;0;0;0;0;0;0;0;0;0;0;0;0;0;0;1;0;0;0;0;0;0;0;0
Carex.rhizopoda;0;0;0;0;0;0;0;0;0;0;0;0;0;0;0;0;0;0;0;1;0;0;0;0;0;0;0;0;0;0
Carex.riishirensis;1;1;1;0;0;1;1;1;1;1;0;1;1;0;1;1;0;0;0;1;1;1;1;0;0;0;0;0;0;0
Carex.rostrata;0;0;1;0;0;0;0;0;0;0;0;0;0;0;0;0;0;0;0;0;0;0;1;0;0;0;0;0;0;0
Carex.rotundata;0;1;1;0;0;0;0;0;0;0;0;0;0;0;0;1;0;0;0;0;0;0;0;0;0;0;0;0;0;0
Carex.sabynensis;0;0;0;0;0;0;0;0;0;0;0;0;0;0;0;0;0;0;0;0;1;1;1;0;0;1;0;0;0;0
Carex.sadoensis;0;0;0;0;0;0;0;0;0;0;0;0;0;0;0;0;0;0;0;0;1;1;0;0;0;0;0;0;0;0
Carex.saxatilis;1;1;1;0;0;1;0;0;0;0;0;0;1;0;1;1;0;0;0;0;0;0;0;0;0;0;0;0;0;0
Carex.scabrinervia;0;0;0;0;0;1;1;1;1;1;0;1;1;1;1;1;0;1;1;0;1;1;1;0;0;0;1;0;0;0
Carex.schmidtii;0;0;0;0;0;0;0;0;0;0;0;0;0;0;0;0;0;0;0;0;0;0;1;0;1;0;0;0;0;0
Carex.sedakowii;0;0;0;0;0;0;0;0;0;0;0;0;0;0;0;0;0;0;0;0;0;0;1;0;0;0;0;0;0;0
Carex.shimidzensis;0;0;0;0;0;0;0;0;0;0;0;0;0;0;0;0;0;0;0;0;1;1;0;0;0;0;0;0;0;0
Carex.shiriyajirensis;0;1;1;0;1;1;0;0;0;0;0;0;0;0;0;0;0;0;0;0;0;0;0;0;0;0;0;0;0;0
Carex.stipata;0;0;0;0;0;0;0;0;0;0;0;0;0;0;0;0;0;0;0;0;1;1;0;0;0;0;0;0;0;0
Carex.stylosa;0;1;1;0;0;1;1;0;0;1;0;0;0;1;1;1;0;0;0;1;1;0;0;0;0;0;0;0;0;0
Carex.subumbellata;0;0;0;0;0;0;0;0;0;0;0;0;0;0;0;0;0;0;0;0;1;1;1;0;0;0;0;0;0;0
Carex.tarumensis;0;0;0;0;0;0;0;0;0;0;0;0;0;0;0;0;0;0;0;1;1;0;1;0;0;0;0;0;0;0
Carex.tenuiflora;0;1;0;0;0;0;0;0;0;0;0;0;0;0;0;0;0;0;0;0;0;0;1;0;0;0;0;0;0;0
Carex.tenuiformis;0;0;0;0;0;0;0;0;0;0;0;0;0;0;0;0;0;0;0;1;1;1;1;0;0;0;0;0;0;0
Carex.thunbergii;0;0;0;0;0;0;0;0;0;0;0;0;0;0;0;0;0;0;0;1;1;1;1;0;0;0;0;0;0;0
Carex.traiziscana;0;1;0;0;0;0;0;0;0;0;0;0;0;0;0;0;0;0;0;0;1;1;0;0;0;0;0;0;0;0
Carex.tsuishikarensis;0;0;0;0;0;0;0;0;0;0;0;0;0;0;0;0;0;0;0;1;1;1;0;0;0;0;0;0;0;0
Carex.uda;0;0;0;0;0;0;0;0;0;0;0;0;0;0;0;0;0;0;0;0;0;1;0;0;0;0;0;0;0;0
Carex.urostachys;0;0;0;0;0;0;0;0;0;0;0;0;0;0;0;0;0;0;0;0;0;1;0;0;0;0;0;0;0;0
Carex.utriculata;0;1;1;0;0;1;1;0;0;0;0;0;0;0;1;0;0;0;0;1;1;1;1;0;1;0;0;0;0;0
Carex.vanheurckii;0;1;1;0;0;1;0;0;0;1;0;0;1;0;1;1;0;0;0;0;1;1;1;0;0;0;0;0;0;0
Carex.vesicata;1;1;1;0;0;1;0;0;0;0;0;0;0;0;1;0;0;0;0;1;1;1;1;0;0;0;0;0;0;0
Carex.williamsii;0;0;1;0;0;0;0;0;0;0;0;0;0;0;0;0;0;0;0;0;0;0;0;0;0;0;0;0;0;0
Cyperus.difformis;0;0;0;0;0;0;0;0;0;0;0;0;0;0;0;0;0;0;0;0;0;1;0;0;0;0;0;0;0;0
Cyperus.glomeratus;0;0;0;0;0;0;0;0;0;0;0;0;0;0;0;0;0;0;0;0;0;1;0;0;0;0;0;0;0;0
Eleocharis.kamtschatica;0;1;0;0;0;0;0;0;0;0;0;0;0;0;0;0;0;0;0;1;1;1;1;1;1;1;0;0;0;1
Eleocharis.margaritacea;0;0;0;0;0;0;0;0;0;0;0;0;0;0;0;0;0;0;0;0;1;1;0;0;0;0;0;0;0;0
Eleocharis.palustris;1;1;1;0;0;1;1;0;0;1;0;1;1;0;1;1;0;0;0;1;1;1;1;0;1;0;1;0;0;0
Eleocharis.pellucida;0;0;0;0;0;0;0;0;0;0;0;0;0;0;0;0;0;0;0;0;0;1;0;0;0;0;0;0;0;0
Eleocharis.quinqueflora;0;1;1;0;0;0;0;0;0;0;0;0;0;0;0;0;0;0;0;0;0;0;0;0;0;0;0;0;0;0
Eleocharis.ussuriensis;0;0;0;0;0;0;0;0;0;0;0;0;0;0;0;0;0;0;0;0;1;1;0;0;0;0;0;0;0;0
Eleocharis.wichurae;0;0;0;0;0;0;0;0;0;0;0;0;0;0;0;0;0;0;0;0;1;1;1;0;1;0;0;0;0;0
Eleocharis.yokoscensis;0;0;0;0;0;0;0;0;0;0;0;0;0;0;0;0;0;0;0;0;0;1;0;0;0;0;0;0;0;0
Eriophorum.angustifolium;0;1;1;0;0;1;1;0;0;1;0;0;1;0;1;1;0;0;0;1;1;0;0;0;0;0;0;0;0;0
Eriophorum.gracile;0;0;0;0;0;0;0;0;0;0;0;0;0;0;0;0;0;0;0;0;1;1;1;1;1;0;0;0;0;0
Eriophorum.scheuchzeri;0;1;1;0;0;0;0;0;0;0;0;0;0;0;1;0;0;0;0;0;0;0;0;0;0;0;0;0;0;0
Eriophorum.vaginatum;0;1;1;0;0;0;0;0;0;0;0;0;0;0;1;0;0;0;0;1;1;1;1;0;0;1;0;0;0;0
Fimbristylis.squarrosa;0;0;0;0;0;0;0;0;0;0;0;0;0;0;0;0;0;0;0;0;0;1;0;0;0;0;0;0;0;0
Fimbristylis.subbispicata;0;0;0;0;0;0;0;0;0;0;0;0;0;0;0;0;0;0;0;0;0;1;0;0;0;0;0;0;0;0
Kobresia.myosuroides;0;0;1;0;0;0;0;0;0;0;0;0;0;0;0;0;0;0;0;0;0;0;0;0;0;0;0;0;0;0
Rhynchospora.alba;0;0;0;0;0;0;0;0;0;0;0;0;0;0;0;0;0;0;0;1;1;1;1;0;0;0;0;0;0;0
Schoenoplectiella.hotarui;0;0;0;0;0;0;0;0;0;0;0;0;0;0;0;0;0;0;0;0;0;1;0;0;0;0;0;0;0;0
Schoenoplectus.tabernaemontani;1;0;0;0;0;0;0;0;0;0;0;0;0;0;0;0;0;0;0;0;1;1;1;0;1;1;0;0;0;0
Scirpus.maximowiczii;0;0;0;0;0;0;0;0;0;0;0;0;0;0;0;0;0;0;0;1;1;0;0;0;0;0;0;0;0;0
Scirpus.orientalis;0;0;0;0;0;0;0;0;0;0;0;0;0;0;0;0;0;0;0;0;0;1;0;0;0;0;0;0;0;0
Scirpus.radicans;0;0;0;0;0;0;0;0;0;0;0;0;0;0;0;0;0;0;0;0;0;1;0;0;0;0;0;0;0;0
Scirpus.wichurae;0;0;0;0;0;0;0;0;0;0;0;0;0;0;0;0;0;0;0;0;1;1;1;0;0;0;0;0;0;0
Trichophorum.alpinum;0;1;1;0;0;0;0;0;0;0;0;0;0;0;0;0;0;0;0;1;1;1;1;0;0;0;0;0;0;0
Trichophorum.cespitosum;0;1;1;0;0;1;0;0;0;1;0;0;1;0;0;1;0;0;1;1;1;0;0;0;0;0;0;0;0;0
Eriocaulon.atrum;0;0;0;0;0;0;0;0;0;0;0;0;0;0;0;0;0;0;0;0;1;1;1;0;0;0;0;0;0;0
Eriocaulon.kusiroense;0;0;0;0;0;0;0;0;0;0;0;0;0;0;0;0;0;0;0;0;0;1;1;0;0;0;0;0;0;0
Achnatherum.pekinense;0;0;0;0;0;0;0;0;0;0;0;0;0;0;0;0;0;0;0;0;1;1;1;0;0;0;1;0;0;0
Agrostis.alaskana;0;1;1;0;1;0;0;0;0;0;0;1;0;0;0;1;0;0;0;0;0;0;0;0;0;0;0;0;0;0
Agrostis.clavata;1;1;1;0;0;1;1;0;0;1;0;1;1;0;1;1;0;0;0;1;1;1;1;1;1;1;1;0;0;1
Agrostis.exarata;1;0;1;0;0;0;0;0;0;0;0;0;0;0;1;1;0;0;0;1;1;0;0;0;0;0;0;0;0;0
Agrostis.flaccida;1;1;1;0;1;1;1;0;1;1;1;1;1;0;1;1;0;1;1;1;1;1;1;1;1;1;1;0;0;0
Agrostis.grandis;0;0;1;0;0;0;0;0;0;0;0;0;0;0;0;0;0;0;0;0;0;0;0;0;0;0;0;0;0;0
Agrostis.macrothyrsa;0;0;0;0;0;0;0;0;0;0;0;0;0;0;0;0;0;0;0;0;1;0;0;0;0;0;0;0;0;0
Agrostis.mertensii;0;1;1;0;0;1;1;0;0;1;0;1;0;1;1;1;0;0;0;0;1;1;0;0;0;0;0;0;0;0
Agrostis.scabra;0;1;1;0;0;0;0;0;0;0;0;0;1;0;0;1;0;0;0;1;1;1;1;1;1;1;1;0;0;1
Alopecurus.aequalis;0;1;1;0;0;1;0;0;0;0;0;0;0;0;0;0;0;0;0;1;1;1;1;0;0;0;0;0;0;0
Alopecurus.borealis;0;0;1;0;0;0;0;0;0;0;0;0;0;1;0;0;0;0;0;0;0;0;0;0;0;0;0;0;0;0
Anthoxanthum.nipponicum;0;0;0;0;0;0;0;0;0;0;0;0;0;0;0;0;0;0;0;0;1;0;0;0;0;0;0;0;0;0
Arctopoa.alexeji;0;0;0;0;0;0;0;0;0;0;0;0;0;0;0;0;0;0;0;0;1;1;1;0;0;0;0;0;0;0
Arctopoa.eminens;0;1;1;0;1;1;0;0;0;0;0;0;0;0;0;0;0;0;0;1;1;1;1;1;1;1;1;0;0;1
Arundinella.hirta;0;0;0;0;0;0;0;0;0;0;0;0;0;0;0;0;0;0;0;0;0;0;1;0;0;0;0;0;0;0
Avenella.flexuosa;1;1;1;0;1;1;1;0;1;1;0;1;1;1;1;1;0;1;0;1;1;1;1;0;0;0;0;0;0;0
Beckmannia.syzigachne;0;0;0;0;0;0;0;0;0;0;0;0;0;0;0;0;0;0;0;1;1;1;1;1;1;1;1;0;0;1
Brachypodium.kurilense;0;0;0;0;0;0;0;0;0;0;0;0;0;0;0;0;0;0;0;0;1;1;1;0;0;0;0;0;0;0
Brachypodium.miserum;0;0;0;0;0;0;0;0;0;0;0;0;0;0;0;0;0;0;0;0;0;1;0;0;0;0;0;0;0;0
Bromopsis.arctica;0;1;1;0;0;0;0;0;0;0;0;0;0;0;0;0;0;0;0;0;0;0;0;0;0;0;0;0;0;0
Bromopsis.ciliata;0;0;0;0;0;0;0;0;0;0;0;0;0;0;0;0;0;0;0;0;1;1;1;0;0;0;0;0;0;0
Brylkinia.caudata;0;0;0;0;0;0;0;0;0;0;0;0;0;0;0;0;0;0;0;0;0;1;1;0;0;0;0;0;0;0
Calamagrostis.angustifolia;0;0;0;0;0;0;0;0;0;0;0;0;0;0;0;0;0;0;0;0;0;1;1;0;0;0;0;0;0;0
Calamagrostis.barbata;0;0;0;0;0;0;0;0;0;0;0;0;0;0;0;0;0;0;0;0;0;1;0;0;0;1;0;0;0;1
Calamagrostis.deschampsioides;0;1;1;0;0;0;0;0;0;0;0;0;0;0;0;0;0;0;0;0;0;0;0;0;0;0;0;0;0;0
Calamagrostis.extremiorientalis;0;0;0;0;0;0;0;0;0;0;0;0;0;0;0;0;0;0;0;0;0;1;1;1;1;0;1;0;0;0
Calamagrostis.hakonensis;0;0;0;0;0;0;0;0;0;0;0;0;0;0;0;0;0;0;0;0;1;1;1;0;1;1;0;0;0;0
Calamagrostis.inexpansa;0;1;1;0;0;1;1;0;0;0;0;1;0;0;1;1;0;0;0;1;1;1;1;1;1;0;0;0;0;0
Calamagrostis.langsdorffii;1;1;1;1;1;1;1;1;1;1;1;1;1;1;1;1;0;1;1;1;1;1;1;1;1;1;1;1;0;1
Calamagrostis.litwinowii;0;0;1;0;0;1;0;0;0;0;0;0;0;0;0;0;0;0;0;0;0;0;0;0;0;0;0;0;0;0
Calamagrostis.purpurea;0;0;0;0;0;0;0;0;0;1;0;1;1;0;0;0;0;0;0;0;0;1;0;0;0;0;0;0;0;0
Calamagrostis.sachalinensis;0;0;0;0;0;0;0;0;0;0;0;0;0;0;1;1;0;0;0;1;1;1;1;0;0;0;0;0;0;0
Calamagrostis.sesquiflora;1;1;1;0;1;1;1;1;1;1;1;1;1;1;1;1;0;1;1;1;1;1;0;0;0;0;0;0;0;0
Calamagrostis.stricta;0;1;1;0;0;1;0;0;0;0;0;1;1;0;0;1;0;0;0;1;1;1;1;0;1;1;1;0;0;0
Calamagrostis.tenuis;0;1;0;0;0;0;0;0;0;0;0;0;0;0;0;0;0;0;0;0;0;0;0;0;0;0;0;0;0;0
Calamagrostis.tolmatschewii;0;0;1;0;0;0;0;0;0;0;0;0;0;0;0;0;0;0;0;0;0;0;0;0;0;0;0;0;0;0
Deschampsia.kurilensis;0;1;1;0;1;1;1;1;0;1;0;1;1;1;1;1;0;1;0;1;1;1;1;0;0;0;1;0;0;0
Deschampsia.macrothyrsa;0;0;0;0;0;0;0;0;0;0;0;0;0;0;0;0;0;0;0;0;1;1;0;0;0;0;0;0;0;0
Deschampsia.paramushirensis;0;1;1;0;0;0;1;0;0;0;0;0;0;0;0;0;0;0;0;0;0;0;0;0;0;0;0;0;0;0
Deschampsia.shumshuensis;0;1;0;0;0;0;0;0;0;0;0;0;0;0;0;0;0;0;0;0;0;0;0;0;0;0;0;0;0;0
Deschampsia.sukatschewii;0;1;1;0;0;1;1;1;0;1;0;1;1;0;1;1;0;0;0;1;1;1;1;0;0;0;0;0;0;0
Deschampsia.takedana;0;0;0;0;0;0;0;0;0;0;0;0;0;0;0;0;0;0;0;0;1;0;0;0;0;0;0;0;0;0
Digitaria.asiatica;0;0;0;0;0;0;0;0;0;0;0;0;0;0;0;0;0;0;0;0;0;1;0;0;0;0;0;0;0;0
Elymus.franchetii;0;0;0;0;0;0;0;0;0;0;0;0;0;0;0;0;0;0;0;0;1;1;1;0;1;1;0;0;0;1
Elymus.pendulinus;0;0;0;0;0;0;0;0;0;0;0;0;0;0;0;0;0;0;0;0;0;1;1;0;0;0;0;0;0;0
Elymus.tsukushiensis;0;0;0;0;0;0;0;0;0;0;0;0;0;0;0;0;0;0;0;0;0;1;0;0;0;0;0;0;0;0
Elymus.woroschilowii;0;0;0;0;0;0;0;0;0;0;0;0;0;0;0;0;0;0;0;0;1;1;1;1;1;1;1;0;0;1
Festuca.altaica;0;0;1;0;0;0;0;0;0;0;0;0;0;0;0;0;0;0;0;0;0;0;0;0;0;0;0;0;0;0
Festuca.brevissima;0;0;1;0;0;0;0;0;0;0;0;0;0;0;0;0;0;0;0;0;0;0;0;0;0;0;0;0;0;0
Festuca.extremiorientalis;0;0;0;0;0;0;0;0;0;0;0;0;0;0;0;0;0;0;0;0;0;1;1;0;0;0;1;0;0;0
Festuca.hondoensis;0;0;0;0;0;0;0;0;0;0;0;0;0;0;0;0;0;0;0;0;0;0;1;0;0;0;0;0;0;0
Festuca.ovina;0;0;0;0;0;0;0;0;0;0;0;0;0;0;0;0;0;0;0;1;1;1;1;0;0;0;1;0;0;0
Festuca.rubra;1;1;1;0;1;1;1;1;1;1;1;1;1;1;1;1;0;1;1;1;1;1;1;0;1;0;1;0;0;1
Festuca.vorobievii;0;0;0;0;0;0;0;0;0;0;0;0;0;0;0;0;0;0;0;0;1;1;1;0;0;0;0;0;0;0
Glyceria.alnasteretum;0;0;1;0;1;1;0;0;0;1;0;1;1;0;1;1;0;0;0;1;1;1;0;0;0;0;0;0;0;0
Glyceria.depauperata;0;0;0;0;0;0;0;0;0;0;0;0;0;0;0;0;0;0;0;0;1;1;0;0;0;0;0;0;0;0
Glyceria.lithuanica;0;1;1;0;0;0;0;0;0;0;0;0;0;0;1;1;0;0;0;0;1;1;1;0;0;0;0;0;0;0
Glyceria.probatovae;0;0;0;0;0;0;0;0;0;0;0;0;0;0;0;0;0;0;0;0;1;1;1;0;0;0;0;0;0;0
Glyceria.voroschilovii;0;0;0;0;0;0;0;0;0;0;0;0;0;0;0;0;0;0;0;0;1;0;0;0;0;0;0;0;0;0
Hierochlo?.alpina;0;1;1;0;0;1;0;0;0;0;0;0;0;0;1;1;0;0;0;0;0;0;0;0;0;0;0;0;0;0
Hierochlo?.kamtschatica;0;1;0;0;0;0;0;0;0;0;0;0;0;0;0;0;0;0;0;0;0;0;0;0;0;0;0;0;0;0
Hierochlo?.pauciflora;0;1;1;0;0;0;0;0;0;0;0;0;0;0;0;0;0;0;0;0;0;0;0;0;0;0;0;0;0;0
Hierochlo?.sachalinensis;0;1;1;0;0;0;0;0;0;0;0;0;0;0;0;0;0;0;0;1;1;1;1;0;0;1;0;0;0;0
Hordeum.brachyantherum;0;0;1;0;0;0;0;0;0;0;0;0;0;0;0;0;0;0;0;1;1;0;0;0;0;0;0;0;0;0
Leymus.mollis;1;1;1;1;0;1;1;1;1;1;1;1;1;1;1;1;1;1;1;1;1;1;1;1;1;1;0;1;1;1
Leymus.villosissimus;1;0;0;0;0;0;0;0;0;0;0;0;0;0;0;1;0;0;0;0;0;0;0;0;0;0;0;0;0;0
Melica.grandiflora;0;0;0;0;0;0;0;0;0;0;0;0;0;0;0;0;0;0;0;0;0;1;1;0;0;0;0;0;0;0
Milium.effusum;0;0;0;0;0;0;0;0;0;0;0;0;0;0;0;0;0;0;0;0;1;1;1;0;0;0;0;0;0;0
Miscanthus.sinensis;0;0;0;0;0;0;0;0;0;0;0;0;0;0;0;0;0;0;0;1;1;1;1;0;1;1;1;0;0;0
Moliniopsis.japonica;0;0;0;0;0;0;0;0;0;0;0;0;0;0;0;0;0;0;0;0;1;1;0;0;0;1;0;0;0;0
Muhlenbergia.curviaristata;0;0;0;0;0;0;0;0;0;0;0;0;0;0;0;0;0;0;0;0;0;1;1;0;0;0;0;0;0;0
Neomolinia.japonica;0;0;0;0;0;0;0;0;0;0;0;0;0;0;0;0;0;0;0;0;0;1;0;0;0;0;0;0;0;0
Panicum.bisulcatum;0;0;0;0;0;0;0;0;0;0;0;0;0;0;0;0;0;0;0;0;0;1;0;0;0;0;0;0;0;0
Phalaroides.arundinacea;0;1;1;0;0;0;0;0;0;0;0;0;0;0;0;1;0;0;0;1;1;1;1;1;1;0;1;0;0;0
Phleum.alpinum;1;1;1;0;1;1;0;0;1;1;0;1;1;0;0;1;0;0;0;1;1;0;0;0;0;0;0;0;0;0
Phragmites.altissimus;0;0;0;0;0;0;0;0;0;0;0;0;0;0;0;0;0;0;0;0;1;1;0;0;0;0;0;0;0;0
Phragmites.australis;0;0;0;0;0;0;0;0;0;0;0;0;0;0;0;0;0;0;0;1;1;1;1;1;1;1;0;0;0;0
Phragmites.japonicus;0;0;0;0;0;0;0;0;0;0;0;0;0;0;0;0;0;0;0;0;0;1;0;0;0;0;1;0;0;0
Phragmites.longivalvis;0;0;0;0;0;0;0;0;0;0;0;0;0;0;0;0;0;0;0;0;1;1;0;0;0;0;0;0;0;0
Phragmites.nakaianus;0;0;0;0;0;0;0;0;0;0;0;0;0;0;0;0;0;0;0;0;0;1;0;0;0;0;0;0;0;0
Poa.alpigena;1;1;1;0;0;0;0;0;0;0;0;0;0;0;0;0;0;0;0;0;0;0;0;0;0;0;0;0;0;0
Poa.arctica;0;1;1;0;0;1;1;0;0;0;0;1;1;1;1;1;0;0;0;0;0;0;0;0;0;0;0;0;0;0
Poa.austrokurilensis;0;0;0;0;0;0;0;0;0;0;0;0;1;0;0;0;0;0;0;0;1;1;1;0;0;0;0;0;0;0
Poa.ketoiensis;0;0;0;0;0;0;0;0;0;0;0;0;1;1;1;0;0;0;0;0;0;0;0;0;0;0;0;0;0;0
Poa.kronokensis;0;0;1;0;0;0;0;0;0;0;0;0;0;0;0;0;0;0;0;0;0;0;0;0;0;0;0;0;0;0
Poa.macrocalyx;1;1;1;1;0;1;1;1;1;1;1;1;1;1;1;1;1;1;1;1;1;1;1;0;0;0;1;0;0;0
Poa.malacantha;1;1;1;0;0;1;0;0;0;0;1;0;0;1;0;0;0;0;0;1;1;0;0;0;0;0;0;0;0;0
Poa.nemoralis;0;0;1;0;0;0;0;0;0;0;0;0;0;0;0;0;0;0;0;0;1;1;1;0;0;0;0;0;0;0
Poa.palustris;1;1;1;0;0;0;0;0;0;0;0;1;0;1;0;0;0;0;1;1;1;1;1;0;1;0;0;0;0;0
Poa.paucispicula;1;0;1;0;0;0;0;0;0;0;0;0;0;0;0;0;0;0;0;0;0;0;0;0;0;0;0;0;0;0
Poa.platyantha;0;0;1;0;0;1;0;0;0;0;0;0;0;0;0;0;0;0;0;0;0;0;0;0;0;0;0;0;0;0
Poa.radula;0;0;0;0;0;0;0;0;0;0;0;1;1;1;1;1;0;0;1;1;1;1;1;0;0;0;0;0;0;0
Poa.sajanensis;1;1;0;0;0;1;0;0;0;0;0;0;0;0;0;0;0;0;0;0;0;0;0;0;0;0;0;0;0;0
Poa.shumushuensis;0;1;1;0;0;0;0;0;0;0;0;0;0;0;0;0;0;0;0;0;0;0;0;0;0;0;0;0;0;0
Poa.tatewakiana;1;1;1;0;0;1;0;0;0;1;0;1;1;0;1;1;0;1;1;1;1;1;1;0;1;0;0;0;0;1
Poa.trivialiformis;0;0;1;0;0;1;0;0;0;0;0;0;0;0;0;0;0;0;0;0;0;0;0;0;0;0;0;0;0;0
Poa.turneri;1;0;1;0;0;1;1;1;1;1;0;1;1;1;1;1;0;1;0;0;1;0;0;0;0;0;0;0;0;0
Puccinellia.kurilensis;1;1;1;0;0;1;0;0;0;0;0;0;0;0;0;0;0;0;0;1;1;1;1;1;1;0;0;0;0;0
Puccinellia.nipponica;0;0;0;0;0;0;0;0;0;0;0;0;0;0;0;0;0;0;0;0;0;0;1;0;0;0;0;0;0;0
Sasa.chartacea;0;0;0;0;0;0;0;0;0;0;0;0;0;0;0;0;0;0;0;0;0;1;0;0;0;0;0;0;0;0
Sasa.depauperata;0;0;0;0;0;0;0;0;0;0;0;0;0;0;0;0;0;0;0;0;0;1;1;0;1;0;1;0;0;0
Sasa.kurilensis;0;0;0;0;0;0;0;0;0;0;0;0;0;0;1;1;0;0;0;1;1;1;1;0;1;0;0;0;0;0
Sasa.makinoi;0;0;0;0;0;0;0;0;0;0;0;0;0;0;0;0;0;0;0;0;1;0;0;0;0;0;0;0;0;0
Sasa.matsudae;0;0;0;0;0;0;0;0;0;0;0;0;0;0;0;0;0;0;0;0;0;0;1;0;0;0;0;0;0;0
Sasa.megalophylla;0;0;0;0;0;0;0;0;0;0;0;0;0;0;0;0;0;0;0;0;0;1;0;0;0;0;0;0;0;0
Sasa.niijimae;0;0;0;0;0;0;0;0;0;0;0;0;0;0;0;0;0;0;0;0;1;1;1;0;0;0;0;0;0;0
Sasa.palmata;0;0;0;0;0;0;0;0;0;0;0;0;0;0;0;0;0;0;0;0;1;1;1;0;0;0;0;0;0;0
Sasa.rivularis;0;0;0;0;0;0;0;0;0;0;0;0;0;0;0;0;0;0;0;0;0;0;0;0;0;0;0;0;0;0
Sasa.senanensis;0;0;0;0;0;0;0;0;0;0;0;0;0;0;0;0;0;0;0;0;1;1;1;0;0;0;0;0;0;1
Sasa.septentrionalis;0;0;0;0;0;0;0;0;0;0;0;0;0;0;0;0;0;0;0;0;0;0;0;0;0;0;0;0;0;0
Sasa.shikotanensis;0;0;0;0;0;0;0;0;0;0;0;0;0;0;0;0;0;0;0;0;0;0;1;0;0;0;0;0;0;0
Sasa.spiculosa;0;0;0;0;0;0;0;0;0;0;0;0;0;0;0;0;0;0;0;0;0;1;0;0;0;0;0;0;0;0
Sasa.tatewakiana;0;0;0;0;0;0;0;0;0;0;0;0;0;0;0;0;0;0;0;0;0;1;0;0;0;0;0;0;0;0
Sasa.veichii;0;0;0;0;0;0;0;0;0;0;0;0;0;0;0;0;0;0;0;0;0;1;1;0;0;0;0;0;0;0
Schodonorus.pratensis;0;0;1;0;0;0;0;0;0;0;0;0;0;0;1;0;0;0;0;1;1;1;1;0;1;0;0;0;0;0
Stenofestuca.pauciflora;0;0;0;0;0;0;0;0;0;0;0;0;0;0;0;0;0;0;0;0;0;1;0;0;0;0;0;0;0;0
Torreyochloa.natans;0;0;0;0;0;0;0;0;0;0;0;0;0;0;0;0;0;0;0;0;1;1;0;0;0;0;0;0;0;0
Trisetum.alaskanum;1;1;1;0;1;1;1;0;0;1;0;1;1;0;1;1;0;0;0;1;1;0;0;0;0;0;0;0;0;0
Trisetum.molle;0;1;1;0;0;0;0;0;0;0;0;0;1;0;0;0;0;0;0;1;1;0;0;0;0;0;0;0;0;0
Trisetum.ruprechtianum;0;0;0;0;0;1;0;0;0;0;0;0;0;0;0;0;0;0;0;0;0;0;0;0;0;0;0;0;0;0
Trisetum.sibiricum;1;1;1;0;1;1;1;0;0;1;0;1;1;0;1;1;0;0;0;0;1;1;1;1;0;1;1;0;0;0
Trisetum.spicatum;0;0;1;0;0;0;0;0;0;0;0;0;0;0;0;0;0;0;0;0;1;0;0;0;0;0;0;0;0;0
Trisetum.umbratile;0;0;0;0;0;0;0;0;0;0;0;0;0;0;0;0;0;0;0;0;0;1;1;0;0;0;0;0;0;0
Vahlodea.atropurpurea;0;1;1;0;0;1;1;0;0;1;0;1;1;1;1;1;0;0;0;0;0;0;0;0;0;0;0;0;0;0
Sparganium.angustifolium;0;0;1;0;0;0;0;0;0;0;0;0;0;0;0;0;0;0;0;0;0;0;0;0;0;0;0;0;0;0
Sparganium.coreanum;0;0;0;0;0;0;0;0;0;0;0;0;0;0;0;0;0;0;0;0;1;1;0;0;0;0;0;0;0;0
Sparganium.emersum;0;0;0;0;0;0;0;0;0;0;0;0;0;0;0;0;0;0;0;0;1;1;0;0;0;0;0;0;0;0
Sparganium.glomeratum;0;0;0;0;0;0;0;0;0;0;0;0;0;0;0;0;0;0;0;1;1;1;1;0;0;0;0;0;0;0
Sparganium.gramineum;0;0;0;0;0;0;0;0;0;0;0;0;0;0;0;0;0;0;0;0;1;0;0;0;0;0;0;0;0;0
Sparganium.hyperboreum;0;1;1;0;1;1;0;0;0;1;0;0;1;0;1;0;0;0;0;1;1;0;0;0;0;0;0;0;0;0
Sparganium.kawakamii;0;0;0;0;0;0;0;0;0;0;0;0;0;0;0;0;0;0;0;0;1;0;0;0;0;0;0;0;0;0
Typha.latifolia;0;0;0;0;0;0;0;0;0;0;0;0;0;0;0;0;0;0;0;0;1;1;1;0;0;1;0;0;0;0
Acorus.calamus;0;0;0;0;0;0;0;0;0;0;0;0;0;0;0;0;0;0;0;0;0;1;0;0;0;0;0;0;0;0
Arisaema.peninsulae;0;0;0;0;0;0;0;0;0;0;0;0;0;0;0;0;0;0;0;0;1;1;1;0;1;0;1;0;0;0
Calla.palustris;0;0;0;0;0;0;0;0;0;0;0;0;0;0;0;0;0;0;0;0;0;1;0;1;0;0;0;0;0;0
Lemna.japonica;0;0;0;0;0;0;0;0;0;0;0;0;0;0;0;0;0;0;0;0;1;1;0;0;0;0;0;0;0;0
Lemna.trisulca;0;0;0;0;0;0;0;0;0;0;0;0;0;0;0;0;0;0;0;0;1;1;0;0;1;0;1;0;0;0
Lemna.turionifera;0;0;0;0;0;0;0;0;0;0;0;0;0;0;0;0;0;0;0;0;1;0;0;0;0;0;0;0;0;0
Lysichiton.camtschatcensis;0;1;1;0;0;1;0;0;0;0;0;0;0;0;0;1;0;0;0;1;1;1;1;1;0;0;1;0;0;1
Spirodela.polyrhiza;0;0;0;0;0;0;0;0;0;0;0;0;0;0;0;0;0;0;0;0;0;1;0;0;0;0;0;0;0;0
Symplocarpus.renifolius;0;0;0;0;0;0;0;0;0;0;0;0;0;0;0;0;0;0;0;0;1;1;1;1;1;1;1;0;0;0
