,trait_name,island,tot_sp,expected,observed,zscore,sd,p-value
0,Gymnospermae,Atlasova,224.0,1.73,0.0,1.32,1.316,0.0937
1,Gymnospermae,Shumshu,392.0,3.04,1.0,1.17,1.74,0.121
2,Gymnospermae,Paramushir,465.0,3.6,1.0,1.37,1.895,0.0849
3,Gymnospermae,Antciferova,21.0,0.16,0.0,0.4,0.403,0.3434
4,Gymnospermae,Makanrushi,132.0,1.02,1.0,0.02,1.011,0.4912
5,Gymnospermae,Onekotan,292.0,2.26,1.0,0.84,1.502,0.2005
6,Gymnospermae,Kharimkotan,162.0,1.25,1.0,0.23,1.12,0.41
7,Gymnospermae,Chirinkotan,36.0,0.28,0.0,0.53,0.528,0.2987
8,Gymnospermae,Ekarma,118.0,0.91,0.0,0.96,0.956,0.1694
9,Gymnospermae,Shiashkotan,204.0,1.58,1.0,0.46,1.256,0.3221
10,Gymnospermae,Raykoke,67.0,0.52,0.0,0.72,0.72,0.2356
11,Gymnospermae,Matua,196.0,1.52,1.0,0.42,1.231,0.337
12,Gymnospermae,Rashua,241.0,1.87,2.0,0.1,1.365,0.4611
13,Gymnospermae,Ushishir,141.0,1.09,1.0,0.09,1.045,0.4649
14,Gymnospermae,Ketoy,247.0,1.91,3.0,0.79,1.382,0.2158
15,Gymnospermae,Simushir,291.0,2.25,2.0,0.17,1.5,0.4328
16,Gymnospermae,Broutona,22.0,0.17,0.0,0.41,0.413,0.3399
17,Gymnospermae,Chirpoy,130.0,1.01,0.0,1.0,1.003,0.1577
18,Gymnospermae,Brat Chirpoev,136.0,1.05,1.0,0.05,1.026,0.4793
19,Gymnospermae,Urup,450.0,3.49,2.0,0.8,1.864,0.2128
20,Gymnospermae,Iturup,721.0,5.58,9.0,1.45,2.357,0.0737
21,Gymnospermae,Kunashir,861.0,6.67,8.0,0.52,2.575,0.3026
22,Gymnospermae,Shikotan,616.0,4.77,7.0,1.02,2.18,0.1533
23,Gymnospermae,Polonskogo,120.0,0.93,0.0,0.96,0.964,0.1674
24,Gymnospermae,Zeleny,165.0,1.28,0.0,1.13,1.13,0.129
25,Gymnospermae,Tanfileva,149.0,1.15,0.0,1.07,1.074,0.1412
26,Gymnospermae,Yuriy,189.0,1.46,0.0,1.21,1.209,0.113
27,Gymnospermae,Demina,46.0,0.36,0.0,0.6,0.597,0.2753
28,Gymnospermae,Storozhevoy,10.0,0.08,0.0,0.28,0.278,0.3904
29,Gymnospermae,Anuchina,86.0,0.67,0.0,0.82,0.816,0.2071
30,Angiospermae,Atlasova,224.0,221.69,224.0,0.17,13.394,0.4314
31,Angiospermae,Shumshu,392.0,387.95,391.0,0.19,16.076,0.4248
32,Angiospermae,Paramushir,465.0,460.2,464.0,0.23,16.672,0.4098
33,Angiospermae,Antciferova,21.0,20.78,21.0,0.05,4.518,0.4809
34,Angiospermae,Makanrushi,132.0,130.64,131.0,0.03,10.768,0.4865
35,Angiospermae,Onekotan,292.0,288.98,291.0,0.14,14.735,0.4456
36,Angiospermae,Kharimkotan,162.0,160.33,161.0,0.06,11.756,0.4772
37,Angiospermae,Chirinkotan,36.0,35.63,36.0,0.06,5.877,0.4748
38,Angiospermae,Ekarma,118.0,116.78,118.0,0.12,10.249,0.4527
39,Angiospermae,Shiashkotan,204.0,201.89,203.0,0.09,12.916,0.4659
40,Angiospermae,Raykoke,67.0,66.31,67.0,0.09,7.907,0.4651
41,Angiospermae,Matua,196.0,193.98,195.0,0.08,12.712,0.4679
42,Angiospermae,Rashua,241.0,238.51,239.0,0.04,13.768,0.4858
43,Angiospermae,Ushishir,141.0,139.54,140.0,0.04,11.081,0.4836
44,Angiospermae,Ketoy,247.0,244.45,244.0,0.03,13.893,0.4871
45,Angiospermae,Simushir,291.0,287.99,289.0,0.07,14.718,0.4728
46,Angiospermae,Broutona,22.0,21.77,22.0,0.05,4.622,0.4804
47,Angiospermae,Chirpoy,130.0,128.66,130.0,0.13,10.696,0.4501
48,Angiospermae,Brat Chirpoev,136.0,134.6,135.0,0.04,10.909,0.4852
49,Angiospermae,Urup,450.0,445.35,448.0,0.16,16.573,0.4365
50,Angiospermae,Iturup,721.0,713.55,712.0,0.09,16.595,0.4627
51,Angiospermae,Kunashir,861.0,852.11,853.0,0.06,15.075,0.4764
52,Angiospermae,Shikotan,616.0,609.64,609.0,0.04,17.023,0.485
53,Angiospermae,Polonskogo,120.0,118.76,120.0,0.12,10.326,0.4522
54,Angiospermae,Zeleny,165.0,163.3,165.0,0.14,11.847,0.4428
55,Angiospermae,Tanfileva,149.0,147.46,149.0,0.14,11.347,0.4461
56,Angiospermae,Yuriy,189.0,187.05,189.0,0.16,12.528,0.4381
57,Angiospermae,Demina,46.0,45.52,46.0,0.07,6.614,0.4714
58,Angiospermae,Storozhevoy,10.0,9.9,10.0,0.03,3.132,0.4869
59,Angiospermae,Anuchina,86.0,85.11,86.0,0.1,8.881,0.4602
60,Magnoliopsida,Atlasova,224.0,141.49,165.0,2.11,11.147,0.0175
61,Magnoliopsida,Shumshu,392.0,247.61,245.0,0.19,13.959,0.4257
62,Magnoliopsida,Paramushir,465.0,293.73,295.0,0.09,14.815,0.4657
63,Magnoliopsida,Antciferova,21.0,13.27,16.0,0.76,3.621,0.2251
64,Magnoliopsida,Makanrushi,132.0,83.38,101.0,2.0,8.798,0.0226
65,Magnoliopsida,Onekotan,292.0,184.45,188.0,0.29,12.457,0.3878
66,Magnoliopsida,Kharimkotan,162.0,102.33,111.0,0.9,9.66,0.1847
67,Magnoliopsida,Chirinkotan,36.0,22.74,22.0,0.16,4.722,0.4377
68,Magnoliopsida,Ekarma,118.0,74.54,86.0,1.37,8.352,0.085
69,Magnoliopsida,Shiashkotan,204.0,128.86,137.0,0.76,10.704,0.2235
70,Magnoliopsida,Raykoke,67.0,42.32,54.0,1.83,6.386,0.0337
71,Magnoliopsida,Matua,196.0,123.81,134.0,0.97,10.517,0.1662
72,Magnoliopsida,Rashua,241.0,152.23,151.0,0.11,11.502,0.4573
73,Magnoliopsida,Ushishir,141.0,89.07,95.0,0.65,9.069,0.2564
74,Magnoliopsida,Ketoy,247.0,156.02,153.0,0.26,11.622,0.3974
75,Magnoliopsida,Simushir,291.0,183.82,189.0,0.42,12.439,0.3384
76,Magnoliopsida,Broutona,22.0,13.9,19.0,1.38,3.705,0.0842
77,Magnoliopsida,Chirpoy,130.0,82.12,93.0,1.25,8.736,0.1064
78,Magnoliopsida,Brat Chirpoev,136.0,85.91,99.0,1.47,8.919,0.0711
79,Magnoliopsida,Urup,450.0,284.25,301.0,1.14,14.653,0.1265
80,Magnoliopsida,Iturup,721.0,455.43,458.0,0.15,16.641,0.4387
81,Magnoliopsida,Kunashir,861.0,543.87,554.0,0.6,17.009,0.2757
82,Magnoliopsida,Shikotan,616.0,389.11,405.0,0.99,16.088,0.1616
83,Magnoliopsida,Polonskogo,120.0,75.8,89.0,1.57,8.418,0.0584
84,Magnoliopsida,Zeleny,165.0,104.23,111.0,0.7,9.74,0.2434
85,Magnoliopsida,Tanfileva,149.0,94.12,107.0,1.39,9.3,0.083
86,Magnoliopsida,Yuriy,189.0,119.39,140.0,1.99,10.35,0.0232
87,Magnoliopsida,Demina,46.0,29.06,38.0,1.68,5.323,0.0465
88,Magnoliopsida,Storozhevoy,10.0,6.32,8.0,0.67,2.506,0.2509
89,Magnoliopsida,Anuchina,86.0,54.32,63.0,1.21,7.196,0.114
90,Liliopsida,Atlasova,224.0,80.19,59.0,2.45,8.641,0.0071
91,Liliopsida,Shumshu,392.0,140.34,146.0,0.51,11.108,0.3051
92,Liliopsida,Paramushir,465.0,166.47,169.0,0.21,11.942,0.4162
93,Liliopsida,Antciferova,21.0,7.52,5.0,0.92,2.733,0.1784
94,Liliopsida,Makanrushi,132.0,47.26,30.0,2.56,6.733,0.0052
95,Liliopsida,Onekotan,292.0,104.54,103.0,0.16,9.754,0.4374
96,Liliopsida,Kharimkotan,162.0,58.0,50.0,1.08,7.423,0.1407
97,Liliopsida,Chirinkotan,36.0,12.89,14.0,0.31,3.57,0.3777
98,Liliopsida,Ekarma,118.0,42.24,32.0,1.61,6.38,0.0542
99,Liliopsida,Shiashkotan,204.0,73.03,66.0,0.85,8.273,0.1976
100,Liliopsida,Raykoke,67.0,23.99,13.0,2.27,4.847,0.0117
101,Liliopsida,Matua,196.0,70.17,61.0,1.13,8.12,0.1294
102,Liliopsida,Rashua,241.0,86.28,88.0,0.19,8.937,0.4236
103,Liliopsida,Ushishir,141.0,50.48,45.0,0.79,6.949,0.2152
104,Liliopsida,Ketoy,247.0,88.43,91.0,0.28,9.039,0.3879
105,Liliopsida,Simushir,291.0,104.18,100.0,0.43,9.739,0.3339
106,Liliopsida,Broutona,22.0,7.88,3.0,1.74,2.797,0.0406
107,Liliopsida,Chirpoy,130.0,46.54,37.0,1.43,6.684,0.0767
108,Liliopsida,Brat Chirpoev,136.0,48.69,36.0,1.86,6.83,0.0316
109,Liliopsida,Urup,450.0,161.1,147.0,1.2,11.78,0.1156
110,Liliopsida,Iturup,721.0,258.12,254.0,0.29,14.17,0.3856
111,Liliopsida,Kunashir,861.0,308.24,299.0,0.61,15.049,0.2696
112,Liliopsida,Shikotan,616.0,220.53,204.0,1.24,13.367,0.1081
113,Liliopsida,Polonskogo,120.0,42.96,31.0,1.86,6.432,0.0315
114,Liliopsida,Zeleny,165.0,59.07,54.0,0.68,7.488,0.2491
115,Liliopsida,Tanfileva,149.0,53.34,42.0,1.59,7.134,0.0559
116,Liliopsida,Yuriy,189.0,67.66,49.0,2.34,7.983,0.0097
117,Liliopsida,Demina,46.0,16.47,8.0,2.1,4.029,0.0178
118,Liliopsida,Storozhevoy,10.0,3.58,2.0,0.84,1.889,0.2015
119,Liliopsida,Anuchina,86.0,30.79,23.0,1.42,5.475,0.0774
120,Woody,Atlasova,224.0,33.35,24.0,1.64,5.691,0.0502
121,Woody,Shumshu,392.0,58.36,42.0,2.2,7.445,0.014
122,Woody,Paramushir,465.0,69.23,52.0,2.14,8.069,0.0164
123,Woody,Antciferova,21.0,3.13,0.0,1.77,1.766,0.0383
124,Woody,Makanrushi,132.0,19.65,25.0,1.22,4.395,0.1119
125,Woody,Onekotan,292.0,43.47,39.0,0.69,6.469,0.2446
126,Woody,Kharimkotan,162.0,24.12,24.0,0.02,4.86,0.4903
127,Woody,Chirinkotan,36.0,5.36,2.0,1.45,2.31,0.0729
128,Woody,Ekarma,118.0,17.57,16.0,0.38,4.16,0.3531
129,Woody,Shiashkotan,204.0,30.37,29.0,0.25,5.439,0.4004
130,Woody,Raykoke,67.0,9.98,13.0,0.96,3.145,0.168
131,Woody,Matua,196.0,29.18,24.0,0.97,5.334,0.1657
132,Woody,Rashua,241.0,35.88,36.0,0.02,5.897,0.4919
133,Woody,Ushishir,141.0,20.99,21.0,0.0,4.54,0.4993
134,Woody,Ketoy,247.0,36.77,40.0,0.54,5.967,0.2944
135,Woody,Simushir,291.0,43.32,43.0,0.05,6.458,0.48
136,Woody,Broutona,22.0,3.28,0.0,1.81,1.807,0.035
137,Woody,Chirpoy,130.0,19.35,24.0,1.06,4.363,0.1435
138,Woody,Brat Chirpoev,136.0,20.25,21.0,0.17,4.46,0.433
139,Woody,Urup,450.0,67.0,69.0,0.25,7.946,0.4005
140,Woody,Iturup,721.0,107.34,126.0,1.89,9.871,0.0294
141,Woody,Kunashir,861.0,128.19,150.0,2.04,10.679,0.0205
142,Woody,Shikotan,616.0,91.71,98.0,0.68,9.191,0.2469
143,Woody,Polonskogo,120.0,17.87,17.0,0.21,4.194,0.4182
144,Woody,Zeleny,165.0,24.57,25.0,0.09,4.904,0.4647
145,Woody,Tanfileva,149.0,22.18,19.0,0.68,4.665,0.2475
146,Woody,Yuriy,189.0,28.14,28.0,0.03,5.24,0.4895
147,Woody,Demina,46.0,6.85,0.0,2.62,2.609,0.0043
148,Woody,Storozhevoy,10.0,1.49,0.0,1.22,1.219,0.1111
149,Woody,Anuchina,86.0,12.8,2.0,3.04,3.558,0.0012
150,Herbal,Atlasova,224.0,190.07,200.0,0.79,12.609,0.2155
151,Herbal,Shumshu,392.0,332.63,350.0,1.13,15.408,0.1298
152,Herbal,Paramushir,465.0,394.57,413.0,1.14,16.143,0.1268
153,Herbal,Antciferova,21.0,17.82,21.0,0.76,4.189,0.2238
154,Herbal,Makanrushi,132.0,112.01,107.0,0.5,10.06,0.3094
155,Herbal,Onekotan,292.0,247.77,253.0,0.37,13.962,0.3541
156,Herbal,Kharimkotan,162.0,137.46,138.0,0.05,11.009,0.4805
157,Herbal,Chirinkotan,36.0,30.55,34.0,0.63,5.454,0.2633
158,Herbal,Ekarma,118.0,100.13,102.0,0.2,9.566,0.4224
159,Herbal,Shiashkotan,204.0,173.1,175.0,0.16,12.137,0.4379
160,Herbal,Raykoke,67.0,56.85,54.0,0.39,7.353,0.3491
161,Herbal,Matua,196.0,166.31,172.0,0.48,11.938,0.3169
162,Herbal,Rashua,241.0,204.5,205.0,0.04,12.981,0.4846
163,Herbal,Ushishir,141.0,119.64,120.0,0.03,10.36,0.4863
164,Herbal,Ketoy,247.0,209.59,207.0,0.2,13.107,0.4217
165,Herbal,Simushir,291.0,246.92,248.0,0.08,13.945,0.4693
166,Herbal,Broutona,22.0,18.67,22.0,0.78,4.286,0.2184
167,Herbal,Chirpoy,130.0,110.31,106.0,0.43,9.992,0.3331
168,Herbal,Brat Chirpoev,136.0,115.4,115.0,0.04,10.195,0.4843
169,Herbal,Urup,450.0,381.84,381.0,0.05,16.011,0.479
170,Herbal,Iturup,721.0,611.8,595.0,0.99,17.02,0.1619
171,Herbal,Kunashir,861.0,730.59,711.0,1.19,16.469,0.1171
172,Herbal,Shikotan,616.0,522.7,518.0,0.28,16.958,0.3909
173,Herbal,Polonskogo,120.0,101.82,103.0,0.12,9.639,0.4515
174,Herbal,Zeleny,165.0,140.01,140.0,0.0,11.097,0.4997
175,Herbal,Tanfileva,149.0,126.43,130.0,0.34,10.615,0.3684
176,Herbal,Yuriy,189.0,160.37,161.0,0.05,11.758,0.4788
177,Herbal,Demina,46.0,39.03,46.0,1.13,6.142,0.1283
178,Herbal,Storozhevoy,10.0,8.49,10.0,0.52,2.902,0.3009
179,Herbal,Anuchina,86.0,72.97,84.0,1.33,8.27,0.0912
180,Tree,Atlasova,224.0,10.8,1.0,3.0,3.27,0.0014
181,Tree,Shumshu,392.0,18.89,2.0,3.92,4.311,0.0
182,Tree,Paramushir,465.0,22.41,2.0,4.35,4.688,0.0
183,Tree,Antciferova,21.0,1.01,0.0,1.01,1.006,0.1571
184,Tree,Makanrushi,132.0,6.36,1.0,2.13,2.515,0.0165
185,Tree,Onekotan,292.0,14.07,1.0,3.51,3.729,0.0002
186,Tree,Kharimkotan,162.0,7.81,1.0,2.44,2.785,0.0073
187,Tree,Chirinkotan,36.0,1.73,0.0,1.32,1.316,0.0937
188,Tree,Ekarma,118.0,5.69,0.0,2.39,2.379,0.0084
189,Tree,Shiashkotan,204.0,9.83,1.0,2.83,3.122,0.0023
190,Tree,Raykoke,67.0,3.23,1.0,1.24,1.794,0.1071
191,Tree,Matua,196.0,9.45,1.0,2.76,3.061,0.0029
192,Tree,Rashua,241.0,11.61,2.0,2.84,3.391,0.0023
193,Tree,Ushishir,141.0,6.8,1.0,2.23,2.599,0.0129
194,Tree,Ketoy,247.0,11.9,4.0,2.3,3.432,0.0107
195,Tree,Simushir,291.0,14.02,4.0,2.69,3.722,0.0035
196,Tree,Broutona,22.0,1.06,0.0,1.03,1.029,0.1515
197,Tree,Chirpoy,130.0,6.27,0.0,2.51,2.496,0.006
198,Tree,Brat Chirpoev,136.0,6.55,1.0,2.18,2.553,0.0148
199,Tree,Urup,450.0,21.69,11.0,2.32,4.613,0.0103
200,Tree,Iturup,721.0,34.75,37.0,0.39,5.806,0.349
201,Tree,Kunashir,861.0,41.49,53.0,1.82,6.326,0.0345
202,Tree,Shikotan,616.0,29.69,25.0,0.87,5.379,0.1918
203,Tree,Polonskogo,120.0,5.78,2.0,1.58,2.399,0.0574
204,Tree,Zeleny,165.0,7.95,4.0,1.41,2.81,0.0798
205,Tree,Tanfileva,149.0,7.18,1.0,2.31,2.671,0.0103
206,Tree,Yuriy,189.0,9.11,6.0,1.03,3.006,0.1506
207,Tree,Demina,46.0,2.22,0.0,1.49,1.487,0.0681
208,Tree,Storozhevoy,10.0,0.48,0.0,0.69,0.694,0.2437
209,Tree,Anuchina,86.0,4.14,0.0,2.04,2.032,0.0207
210,Shrub,Atlasova,224.0,14.27,12.0,0.6,3.754,0.2731
211,Shrub,Shumshu,392.0,24.96,17.0,1.61,4.942,0.0536
212,Shrub,Paramushir,465.0,29.61,23.0,1.23,5.372,0.1092
213,Shrub,Antciferova,21.0,1.34,0.0,1.16,1.156,0.1236
214,Shrub,Makanrushi,132.0,8.41,9.0,0.21,2.889,0.4186
215,Shrub,Onekotan,292.0,18.6,16.0,0.61,4.278,0.272
216,Shrub,Kharimkotan,162.0,10.32,11.0,0.21,3.198,0.4154
217,Shrub,Chirinkotan,36.0,2.29,2.0,0.19,1.513,0.4233
218,Shrub,Ekarma,118.0,7.51,9.0,0.54,2.732,0.2934
219,Shrub,Shiashkotan,204.0,12.99,10.0,0.83,3.584,0.202
220,Shrub,Raykoke,67.0,4.27,6.0,0.84,2.062,0.2003
221,Shrub,Matua,196.0,12.48,11.0,0.42,3.514,0.3366
222,Shrub,Rashua,241.0,15.35,14.0,0.35,3.892,0.3646
223,Shrub,Ushishir,141.0,8.98,9.0,0.01,2.985,0.4972
224,Shrub,Ketoy,247.0,15.73,15.0,0.19,3.939,0.4265
225,Shrub,Simushir,291.0,18.53,18.0,0.12,4.27,0.4504
226,Shrub,Broutona,22.0,1.4,0.0,1.18,1.183,0.1181
227,Shrub,Chirpoy,130.0,8.28,12.0,1.3,2.867,0.0972
228,Shrub,Brat Chirpoev,136.0,8.66,9.0,0.12,2.932,0.454
229,Shrub,Urup,450.0,28.66,34.0,1.01,5.287,0.1561
230,Shrub,Iturup,721.0,45.92,58.0,1.82,6.641,0.0344
231,Shrub,Kunashir,861.0,54.83,61.0,0.85,7.228,0.1967
232,Shrub,Shikotan,616.0,39.23,43.0,0.61,6.157,0.2701
233,Shrub,Polonskogo,120.0,7.64,10.0,0.86,2.755,0.1961
234,Shrub,Zeleny,165.0,10.51,11.0,0.15,3.227,0.4394
235,Shrub,Tanfileva,149.0,9.49,10.0,0.17,3.068,0.4338
236,Shrub,Yuriy,189.0,12.04,12.0,0.01,3.451,0.4958
237,Shrub,Demina,46.0,2.93,0.0,1.71,1.709,0.0433
238,Shrub,Storozhevoy,10.0,0.64,0.0,0.8,0.798,0.2124
239,Shrub,Anuchina,86.0,5.48,2.0,1.49,2.335,0.0682
240,Small_shrub,Atlasova,224.0,5.2,8.0,1.23,2.276,0.1097
241,Small_shrub,Shumshu,392.0,9.11,18.0,2.96,3.006,0.0015
242,Small_shrub,Paramushir,465.0,10.8,21.0,3.12,3.272,0.0009
243,Small_shrub,Antciferova,21.0,0.49,0.0,0.7,0.698,0.2424
244,Small_shrub,Makanrushi,132.0,3.07,12.0,5.11,1.749,0.0
245,Small_shrub,Onekotan,292.0,6.78,17.0,3.93,2.597,0.0
246,Small_shrub,Kharimkotan,162.0,3.76,11.0,3.74,1.937,0.0001
247,Small_shrub,Chirinkotan,36.0,0.84,0.0,0.91,0.914,0.1801
248,Small_shrub,Ekarma,118.0,2.74,8.0,3.18,1.654,0.0007
249,Small_shrub,Shiashkotan,204.0,4.74,15.0,4.72,2.173,0.0
250,Small_shrub,Raykoke,67.0,1.56,5.0,2.76,1.247,0.0029
251,Small_shrub,Matua,196.0,4.55,10.0,2.56,2.13,0.0053
252,Small_shrub,Rashua,241.0,5.6,17.0,4.83,2.361,0.0
253,Small_shrub,Ushishir,141.0,3.28,9.0,3.17,1.807,0.0008
254,Small_shrub,Ketoy,247.0,5.74,18.0,5.13,2.39,0.0
255,Small_shrub,Simushir,291.0,6.76,18.0,4.33,2.593,0.0
256,Small_shrub,Broutona,22.0,0.51,0.0,0.72,0.715,0.2373
257,Small_shrub,Chirpoy,130.0,3.02,11.0,4.6,1.736,0.0
258,Small_shrub,Brat Chirpoev,136.0,3.16,10.0,3.85,1.775,0.0001
259,Small_shrub,Urup,450.0,10.46,19.0,2.65,3.219,0.004
260,Small_shrub,Iturup,721.0,16.75,21.0,1.05,4.063,0.148
261,Small_shrub,Kunashir,861.0,20.01,21.0,0.22,4.434,0.4113
262,Small_shrub,Shikotan,616.0,14.31,16.0,0.45,3.76,0.3269
263,Small_shrub,Polonskogo,120.0,2.79,4.0,0.73,1.668,0.2338
264,Small_shrub,Zeleny,165.0,3.83,6.0,1.11,1.955,0.1339
265,Small_shrub,Tanfileva,149.0,3.46,6.0,1.37,1.858,0.086
266,Small_shrub,Yuriy,189.0,4.39,3.0,0.67,2.092,0.2529
267,Small_shrub,Demina,46.0,1.07,0.0,1.03,1.033,0.1505
268,Small_shrub,Storozhevoy,10.0,0.23,0.0,0.48,0.482,0.3149
269,Small_shrub,Anuchina,86.0,2.0,0.0,1.41,1.412,0.0786
270,Semi-shrub,Atlasova,224.0,10.8,11.0,0.06,3.27,0.475
271,Semi-shrub,Shumshu,392.0,18.89,15.0,0.9,4.311,0.1833
272,Semi-shrub,Paramushir,465.0,22.41,18.0,0.94,4.688,0.1734
273,Semi-shrub,Antciferova,21.0,1.01,0.0,1.01,1.006,0.1571
274,Semi-shrub,Makanrushi,132.0,6.36,9.0,1.05,2.515,0.1471
275,Semi-shrub,Onekotan,292.0,14.07,14.0,0.02,3.729,0.4923
276,Semi-shrub,Kharimkotan,162.0,7.81,10.0,0.79,2.785,0.2155
277,Semi-shrub,Chirinkotan,36.0,1.73,2.0,0.2,1.316,0.4202
278,Semi-shrub,Ekarma,118.0,5.69,8.0,0.97,2.379,0.1654
279,Semi-shrub,Shiashkotan,204.0,9.83,10.0,0.05,3.122,0.4785
280,Semi-shrub,Raykoke,67.0,3.23,5.0,0.99,1.794,0.1618
281,Semi-shrub,Matua,196.0,9.45,10.0,0.18,3.061,0.4282
282,Semi-shrub,Rashua,241.0,11.61,12.0,0.11,3.391,0.4547
283,Semi-shrub,Ushishir,141.0,6.8,8.0,0.46,2.599,0.3215
284,Semi-shrub,Ketoy,247.0,11.9,13.0,0.32,3.432,0.3747
285,Semi-shrub,Simushir,291.0,14.02,16.0,0.53,3.722,0.2978
286,Semi-shrub,Broutona,22.0,1.06,0.0,1.03,1.029,0.1515
287,Semi-shrub,Chirpoy,130.0,6.27,10.0,1.5,2.496,0.0673
288,Semi-shrub,Brat Chirpoev,136.0,6.55,8.0,0.57,2.553,0.2856
289,Semi-shrub,Urup,450.0,21.69,26.0,0.93,4.613,0.1749
290,Semi-shrub,Iturup,721.0,34.75,44.0,1.59,5.806,0.0555
291,Semi-shrub,Kunashir,861.0,41.49,48.0,1.03,6.326,0.1518
292,Semi-shrub,Shikotan,616.0,29.69,40.0,1.92,5.379,0.0276
293,Semi-shrub,Polonskogo,120.0,5.78,9.0,1.34,2.399,0.09
294,Semi-shrub,Zeleny,165.0,7.95,10.0,0.73,2.81,0.2331
295,Semi-shrub,Tanfileva,149.0,7.18,9.0,0.68,2.671,0.2479
296,Semi-shrub,Yuriy,189.0,9.11,12.0,0.96,3.006,0.1681
297,Semi-shrub,Demina,46.0,2.22,0.0,1.49,1.487,0.0681
298,Semi-shrub,Storozhevoy,10.0,0.48,0.0,0.69,0.694,0.2437
299,Semi-shrub,Anuchina,86.0,4.14,2.0,1.06,2.032,0.1456
300,Liana,Atlasova,224.0,4.24,1.0,1.58,2.056,0.0574
301,Liana,Shumshu,392.0,7.42,0.0,2.73,2.716,0.0031
302,Liana,Paramushir,465.0,8.8,0.0,2.98,2.956,0.0014
303,Liana,Antciferova,21.0,0.4,0.0,0.63,0.63,0.2641
304,Liana,Makanrushi,132.0,2.5,0.0,1.58,1.579,0.0568
305,Liana,Onekotan,292.0,5.53,0.0,2.36,2.346,0.0092
306,Liana,Kharimkotan,162.0,3.07,0.0,1.75,1.749,0.0397
307,Liana,Chirinkotan,36.0,0.68,0.0,0.83,0.825,0.2045
308,Liana,Ekarma,118.0,2.23,0.0,1.5,1.493,0.0673
309,Liana,Shiashkotan,204.0,3.86,0.0,1.97,1.962,0.0245
310,Liana,Raykoke,67.0,1.27,0.0,1.13,1.126,0.1299
311,Liana,Matua,196.0,3.71,0.0,1.93,1.923,0.0268
312,Liana,Rashua,241.0,4.56,0.0,2.14,2.132,0.0162
313,Liana,Ushishir,141.0,2.67,0.0,1.64,1.632,0.0509
314,Liana,Ketoy,247.0,4.68,0.0,2.17,2.158,0.0151
315,Liana,Simushir,291.0,5.51,1.0,1.93,2.342,0.0271
316,Liana,Broutona,22.0,0.42,0.0,0.65,0.645,0.2593
317,Liana,Chirpoy,130.0,2.46,0.0,1.57,1.567,0.0581
318,Liana,Brat Chirpoev,136.0,2.57,0.0,1.61,1.603,0.0541
319,Liana,Urup,450.0,8.52,4.0,1.55,2.908,0.0601
320,Liana,Iturup,721.0,13.65,10.0,0.99,3.673,0.1601
321,Liana,Kunashir,861.0,16.3,20.0,0.92,4.009,0.1781
322,Liana,Shikotan,616.0,11.66,11.0,0.2,3.398,0.4227
323,Liana,Polonskogo,120.0,2.27,0.0,1.51,1.506,0.0657
324,Liana,Zeleny,165.0,3.12,2.0,0.64,1.765,0.2621
325,Liana,Tanfileva,149.0,2.82,1.0,1.09,1.678,0.1388
326,Liana,Yuriy,189.0,3.58,3.0,0.31,1.889,0.3797
327,Liana,Demina,46.0,0.87,0.0,0.93,0.933,0.1753
328,Liana,Storozhevoy,10.0,0.19,0.0,0.44,0.435,0.3317
329,Liana,Anuchina,86.0,1.63,0.0,1.28,1.275,0.1008
330,Prostrate,Atlasova,224.0,1.16,2.0,0.78,1.075,0.2163
331,Prostrate,Shumshu,392.0,2.02,5.0,2.09,1.421,0.0182
332,Prostrate,Paramushir,465.0,2.4,5.0,1.68,1.548,0.0466
333,Prostrate,Antciferova,21.0,0.11,0.0,0.33,0.329,0.371
334,Prostrate,Makanrushi,132.0,0.68,4.0,4.02,0.825,0.0
335,Prostrate,Onekotan,292.0,1.51,5.0,2.85,1.227,0.0022
336,Prostrate,Kharimkotan,162.0,0.84,4.0,3.46,0.914,0.0003
337,Prostrate,Chirinkotan,36.0,0.19,0.0,0.43,0.431,0.3332
338,Prostrate,Ekarma,118.0,0.61,2.0,1.78,0.78,0.0374
339,Prostrate,Shiashkotan,204.0,1.05,4.0,2.87,1.026,0.002
340,Prostrate,Raykoke,67.0,0.35,2.0,2.81,0.588,0.0025
341,Prostrate,Matua,196.0,1.01,3.0,1.98,1.006,0.024
342,Prostrate,Rashua,241.0,1.24,5.0,3.37,1.115,0.0004
343,Prostrate,Ushishir,141.0,0.73,3.0,2.66,0.853,0.0039
344,Prostrate,Ketoy,247.0,1.28,5.0,3.3,1.129,0.0005
345,Prostrate,Simushir,291.0,1.5,4.0,2.04,1.225,0.0207
346,Prostrate,Broutona,22.0,0.11,0.0,0.34,0.337,0.368
347,Prostrate,Chirpoy,130.0,0.67,3.0,2.84,0.819,0.0022
348,Prostrate,Brat Chirpoev,136.0,0.7,3.0,2.74,0.838,0.003
349,Prostrate,Urup,450.0,2.32,4.0,1.1,1.523,0.1355
350,Prostrate,Iturup,721.0,3.72,5.0,0.66,1.926,0.2537
351,Prostrate,Kunashir,861.0,4.45,5.0,0.26,2.104,0.3961
352,Prostrate,Shikotan,616.0,3.18,4.0,0.46,1.781,0.3228
353,Prostrate,Polonskogo,120.0,0.62,0.0,0.79,0.787,0.2155
354,Prostrate,Zeleny,165.0,0.85,1.0,0.16,0.923,0.4363
355,Prostrate,Tanfileva,149.0,0.77,0.0,0.88,0.877,0.1901
356,Prostrate,Yuriy,189.0,0.98,0.0,0.99,0.987,0.1615
357,Prostrate,Demina,46.0,0.24,0.0,0.49,0.487,0.313
358,Prostrate,Storozhevoy,10.0,0.05,0.0,0.23,0.227,0.4101
359,Prostrate,Anuchina,86.0,0.44,0.0,0.67,0.666,0.2525
360,Perennial,Atlasova,224.0,209.35,213.0,0.28,13.101,0.3903
361,Perennial,Shumshu,392.0,366.36,370.0,0.23,15.838,0.4092
362,Perennial,Paramushir,465.0,434.59,438.0,0.21,16.494,0.418
363,Perennial,Antciferova,21.0,19.63,19.0,0.14,4.393,0.4433
364,Perennial,Makanrushi,132.0,123.37,124.0,0.06,10.501,0.476
365,Perennial,Onekotan,292.0,272.9,278.0,0.35,14.45,0.3621
366,Perennial,Kharimkotan,162.0,151.4,154.0,0.23,11.475,0.4105
367,Perennial,Chirinkotan,36.0,33.65,34.0,0.06,5.716,0.4753
368,Perennial,Ekarma,118.0,110.28,109.0,0.13,9.991,0.4489
369,Perennial,Shiashkotan,204.0,190.66,195.0,0.34,12.624,0.3654
370,Perennial,Raykoke,67.0,62.62,64.0,0.18,7.697,0.4287
371,Perennial,Matua,196.0,183.18,187.0,0.31,12.422,0.3792
372,Perennial,Rashua,241.0,225.24,233.0,0.58,13.475,0.2823
373,Perennial,Ushishir,141.0,131.78,134.0,0.21,10.809,0.4186
374,Perennial,Ketoy,247.0,230.85,240.0,0.67,13.601,0.2504
375,Perennial,Simushir,291.0,271.97,278.0,0.42,14.433,0.338
376,Perennial,Broutona,22.0,20.56,20.0,0.12,4.494,0.4503
377,Perennial,Chirpoy,130.0,121.5,126.0,0.43,10.43,0.333
378,Perennial,Brat Chirpoev,136.0,127.1,130.0,0.27,10.64,0.3928
379,Perennial,Urup,450.0,420.57,427.0,0.39,16.381,0.3473
380,Perennial,Iturup,721.0,673.84,675.0,0.07,16.825,0.4726
381,Perennial,Kunashir,861.0,804.69,801.0,0.23,15.73,0.4073
382,Perennial,Shikotan,616.0,575.71,567.0,0.51,17.043,0.3046
383,Perennial,Polonskogo,120.0,112.15,112.0,0.02,10.066,0.494
384,Perennial,Zeleny,165.0,154.21,155.0,0.07,11.565,0.4727
385,Perennial,Tanfileva,149.0,139.25,140.0,0.07,11.071,0.4732
386,Perennial,Yuriy,189.0,176.64,179.0,0.19,12.239,0.4235
387,Perennial,Demina,46.0,42.99,40.0,0.46,6.434,0.321
388,Perennial,Storozhevoy,10.0,9.35,9.0,0.11,3.045,0.4548
389,Perennial,Anuchina,86.0,80.38,78.0,0.27,8.65,0.3918
390,Annual-biennal,Atlasova,224.0,14.07,11.0,0.82,3.729,0.205
391,Annual-biennal,Shumshu,392.0,24.63,22.0,0.53,4.91,0.2963
392,Annual-biennal,Paramushir,465.0,29.21,27.0,0.41,5.336,0.3392
393,Annual-biennal,Antciferova,21.0,1.32,2.0,0.59,1.148,0.2766
394,Annual-biennal,Makanrushi,132.0,8.29,8.0,0.1,2.869,0.4594
395,Annual-biennal,Onekotan,292.0,18.34,14.0,1.02,4.249,0.1533
396,Annual-biennal,Kharimkotan,162.0,10.18,8.0,0.69,3.176,0.2465
397,Annual-biennal,Chirinkotan,36.0,2.26,2.0,0.17,1.502,0.4309
398,Annual-biennal,Ekarma,118.0,7.41,9.0,0.58,2.714,0.2794
399,Annual-biennal,Shiashkotan,204.0,12.82,9.0,1.07,3.56,0.1419
400,Annual-biennal,Raykoke,67.0,4.21,3.0,0.59,2.048,0.2775
401,Annual-biennal,Matua,196.0,12.31,9.0,0.95,3.49,0.1712
402,Annual-biennal,Rashua,241.0,15.14,8.0,1.85,3.866,0.0324
403,Annual-biennal,Ushishir,141.0,8.86,7.0,0.63,2.965,0.2654
404,Annual-biennal,Ketoy,247.0,15.52,7.0,2.18,3.913,0.0147
405,Annual-biennal,Simushir,291.0,18.28,13.0,1.25,4.242,0.1066
406,Annual-biennal,Broutona,22.0,1.38,2.0,0.53,1.175,0.2995
407,Annual-biennal,Chirpoy,130.0,8.17,4.0,1.46,2.848,0.0717
408,Annual-biennal,Brat Chirpoev,136.0,8.54,6.0,0.87,2.912,0.1912
409,Annual-biennal,Urup,450.0,28.27,23.0,1.0,5.252,0.1578
410,Annual-biennal,Iturup,721.0,45.3,46.0,0.11,6.598,0.4575
411,Annual-biennal,Kunashir,861.0,54.09,60.0,0.82,7.181,0.2053
412,Annual-biennal,Shikotan,616.0,38.7,49.0,1.68,6.116,0.0461
413,Annual-biennal,Polonskogo,120.0,7.54,8.0,0.17,2.737,0.4331
414,Annual-biennal,Zeleny,165.0,10.37,10.0,0.11,3.205,0.4546
415,Annual-biennal,Tanfileva,149.0,9.36,9.0,0.12,3.047,0.4529
416,Annual-biennal,Yuriy,189.0,11.87,10.0,0.55,3.428,0.2924
417,Annual-biennal,Demina,46.0,2.89,6.0,1.83,1.698,0.0335
418,Annual-biennal,Storozhevoy,10.0,0.63,1.0,0.47,0.792,0.3195
419,Annual-biennal,Anuchina,86.0,5.4,8.0,1.12,2.319,0.1314
420,Summergreen,Atlasova,224.0,211.86,216.0,0.31,13.162,0.3764
421,Summergreen,Shumshu,392.0,370.75,367.0,0.24,15.889,0.4068
422,Summergreen,Paramushir,465.0,439.79,436.0,0.23,16.533,0.4094
423,Summergreen,Antciferova,21.0,19.86,20.0,0.03,4.418,0.4875
424,Summergreen,Makanrushi,132.0,124.84,118.0,0.65,10.556,0.2584
425,Summergreen,Onekotan,292.0,276.17,270.0,0.43,14.51,0.3354
426,Summergreen,Kharimkotan,162.0,153.22,150.0,0.28,11.533,0.3902
427,Summergreen,Chirinkotan,36.0,34.05,36.0,0.34,5.749,0.3671
428,Summergreen,Ekarma,118.0,111.6,110.0,0.16,10.044,0.4366
429,Summergreen,Shiashkotan,204.0,192.94,184.0,0.7,12.685,0.2405
430,Summergreen,Raykoke,67.0,63.37,61.0,0.31,7.74,0.3799
431,Summergreen,Matua,196.0,185.37,185.0,0.03,12.482,0.4881
432,Summergreen,Rashua,241.0,227.93,219.0,0.66,13.536,0.2546
433,Summergreen,Ushishir,141.0,133.36,132.0,0.12,10.865,0.4504
434,Summergreen,Ketoy,247.0,233.61,223.0,0.78,13.662,0.2187
435,Summergreen,Simushir,291.0,275.22,267.0,0.57,14.493,0.2852
436,Summergreen,Broutona,22.0,20.81,21.0,0.04,4.52,0.483
437,Summergreen,Chirpoy,130.0,122.95,118.0,0.47,10.485,0.3184
438,Summergreen,Brat Chirpoev,136.0,128.63,127.0,0.15,10.695,0.4396
439,Summergreen,Urup,450.0,425.6,418.0,0.46,16.423,0.3217
440,Summergreen,Iturup,721.0,681.91,675.0,0.41,16.785,0.3403
441,Summergreen,Kunashir,861.0,814.32,807.0,0.47,15.609,0.3196
442,Summergreen,Shikotan,616.0,582.6,584.0,0.08,17.044,0.4673
443,Summergreen,Polonskogo,120.0,113.49,116.0,0.25,10.12,0.4022
444,Summergreen,Zeleny,165.0,156.05,161.0,0.43,11.623,0.3352
445,Summergreen,Tanfileva,149.0,140.92,140.0,0.08,11.128,0.467
446,Summergreen,Yuriy,189.0,178.75,184.0,0.43,12.299,0.3348
447,Summergreen,Demina,46.0,43.51,42.0,0.23,6.471,0.408
448,Summergreen,Storozhevoy,10.0,9.46,8.0,0.48,3.063,0.317
449,Summergreen,Anuchina,86.0,81.34,85.0,0.42,8.697,0.3368
450,Wintergreen,Atlasova,224.0,2.31,1.0,0.86,1.519,0.1937
451,Wintergreen,Shumshu,392.0,4.05,3.0,0.52,2.009,0.3009
452,Wintergreen,Paramushir,465.0,4.8,3.0,0.82,2.187,0.205
453,Wintergreen,Antciferova,21.0,0.22,1.0,1.68,0.466,0.0463
454,Wintergreen,Makanrushi,132.0,1.36,2.0,0.55,1.167,0.2926
455,Wintergreen,Onekotan,292.0,3.02,3.0,0.01,1.734,0.4964
456,Wintergreen,Kharimkotan,162.0,1.67,1.0,0.52,1.293,0.3013
457,Wintergreen,Chirinkotan,36.0,0.37,0.0,0.61,0.61,0.271
458,Wintergreen,Ekarma,118.0,1.22,0.0,1.1,1.103,0.1347
459,Wintergreen,Shiashkotan,204.0,2.11,2.0,0.07,1.45,0.4707
460,Wintergreen,Raykoke,67.0,0.69,2.0,1.57,0.832,0.0579
461,Wintergreen,Matua,196.0,2.02,1.0,0.72,1.421,0.2356
462,Wintergreen,Rashua,241.0,2.49,2.0,0.31,1.576,0.3782
463,Wintergreen,Ushishir,141.0,1.46,1.0,0.38,1.206,0.3526
464,Wintergreen,Ketoy,247.0,2.55,2.0,0.35,1.595,0.365
465,Wintergreen,Simushir,291.0,3.01,3.0,0.0,1.731,0.4988
466,Wintergreen,Broutona,22.0,0.23,1.0,1.62,0.477,0.0525
467,Wintergreen,Chirpoy,130.0,1.34,1.0,0.3,1.158,0.3837
468,Wintergreen,Brat Chirpoev,136.0,1.4,0.0,1.19,1.184,0.1178
469,Wintergreen,Urup,450.0,4.65,5.0,0.16,2.151,0.4349
470,Wintergreen,Iturup,721.0,7.45,9.0,0.57,2.72,0.2839
471,Wintergreen,Kunashir,861.0,8.89,12.0,1.05,2.97,0.1477
472,Wintergreen,Shikotan,616.0,6.36,5.0,0.54,2.515,0.2942
473,Wintergreen,Polonskogo,120.0,1.24,0.0,1.11,1.113,0.1327
474,Wintergreen,Zeleny,165.0,1.7,0.0,1.31,1.304,0.0957
475,Wintergreen,Tanfileva,149.0,1.54,0.0,1.24,1.24,0.1073
476,Wintergreen,Yuriy,189.0,1.95,1.0,0.68,1.396,0.2477
477,Wintergreen,Demina,46.0,0.48,1.0,0.76,0.689,0.2231
478,Wintergreen,Storozhevoy,10.0,0.1,0.0,0.32,0.321,0.374
479,Wintergreen,Anuchina,86.0,0.89,1.0,0.12,0.942,0.4527
480,Springreen,Atlasova,224.0,1.93,0.0,1.39,1.387,0.0823
481,Springreen,Shumshu,392.0,3.37,4.0,0.34,1.834,0.3663
482,Springreen,Paramushir,465.0,4.0,5.0,0.5,1.997,0.3086
483,Springreen,Antciferova,21.0,0.18,0.0,0.43,0.425,0.3354
484,Springreen,Makanrushi,132.0,1.14,0.0,1.07,1.065,0.1431
485,Springreen,Onekotan,292.0,2.51,1.0,0.96,1.584,0.1697
486,Springreen,Kharimkotan,162.0,1.39,0.0,1.18,1.18,0.1187
487,Springreen,Chirinkotan,36.0,0.31,0.0,0.56,0.557,0.2889
488,Springreen,Ekarma,118.0,1.02,0.0,1.01,1.007,0.1567
489,Springreen,Shiashkotan,204.0,1.76,1.0,0.57,1.324,0.2841
490,Springreen,Raykoke,67.0,0.58,0.0,0.76,0.759,0.2238
491,Springreen,Matua,196.0,1.69,0.0,1.3,1.298,0.0969
492,Springreen,Rashua,241.0,2.07,2.0,0.05,1.439,0.4795
493,Springreen,Ushishir,141.0,1.21,0.0,1.1,1.101,0.1352
494,Springreen,Ketoy,247.0,2.13,2.0,0.09,1.457,0.4656
495,Springreen,Simushir,291.0,2.5,2.0,0.32,1.581,0.3749
496,Springreen,Broutona,22.0,0.19,0.0,0.44,0.435,0.3317
497,Springreen,Chirpoy,130.0,1.12,1.0,0.11,1.057,0.4553
498,Springreen,Brat Chirpoev,136.0,1.17,1.0,0.16,1.081,0.4374
499,Springreen,Urup,450.0,3.87,4.0,0.06,1.965,0.4742
500,Springreen,Iturup,721.0,6.2,4.0,0.89,2.484,0.1874
501,Springreen,Kunashir,861.0,7.41,7.0,0.15,2.713,0.44
502,Springreen,Shikotan,616.0,5.3,6.0,0.3,2.297,0.3805
503,Springreen,Polonskogo,120.0,1.03,0.0,1.02,1.016,0.1547
504,Springreen,Zeleny,165.0,1.42,0.0,1.19,1.191,0.1166
505,Springreen,Tanfileva,149.0,1.28,4.0,2.4,1.132,0.0082
506,Springreen,Yuriy,189.0,1.63,2.0,0.29,1.274,0.3847
507,Springreen,Demina,46.0,0.4,3.0,4.14,0.629,0.0
508,Springreen,Storozhevoy,10.0,0.09,2.0,6.52,0.293,0.0
509,Springreen,Anuchina,86.0,0.74,0.0,0.86,0.86,0.1947
510,Evergreen,Atlasova,224.0,7.33,7.0,0.12,2.698,0.452
511,Evergreen,Shumshu,392.0,12.82,18.0,1.46,3.561,0.0728
512,Evergreen,Paramushir,465.0,15.21,21.0,1.5,3.874,0.0674
513,Evergreen,Antciferova,21.0,0.69,0.0,0.83,0.828,0.2036
514,Evergreen,Makanrushi,132.0,4.32,12.0,3.7,2.074,0.0001
515,Evergreen,Onekotan,292.0,9.55,18.0,2.75,3.077,0.003
516,Evergreen,Kharimkotan,162.0,5.3,11.0,2.48,2.296,0.0065
517,Evergreen,Chirinkotan,36.0,1.18,0.0,1.09,1.084,0.1388
518,Evergreen,Ekarma,118.0,3.86,8.0,2.11,1.961,0.0174
519,Evergreen,Shiashkotan,204.0,6.67,17.0,4.01,2.575,0.0
520,Evergreen,Raykoke,67.0,2.19,4.0,1.22,1.479,0.1106
521,Evergreen,Matua,196.0,6.41,10.0,1.42,2.525,0.0775
522,Evergreen,Rashua,241.0,7.88,18.0,3.62,2.798,0.0001
523,Evergreen,Ushishir,141.0,4.61,8.0,1.58,2.143,0.0569
524,Evergreen,Ketoy,247.0,8.08,20.0,4.21,2.832,0.0
525,Evergreen,Simushir,291.0,9.52,19.0,3.09,3.072,0.001
526,Evergreen,Broutona,22.0,0.72,0.0,0.85,0.848,0.1981
527,Evergreen,Chirpoy,130.0,4.25,10.0,2.79,2.058,0.0026
528,Evergreen,Brat Chirpoev,136.0,4.45,8.0,1.69,2.105,0.0457
529,Evergreen,Urup,450.0,14.72,23.0,2.17,3.812,0.0149
530,Evergreen,Iturup,721.0,23.58,33.0,1.96,4.806,0.025
531,Evergreen,Kunashir,861.0,28.16,35.0,1.31,5.242,0.0958
532,Evergreen,Shikotan,616.0,20.14,21.0,0.19,4.449,0.4238
533,Evergreen,Polonskogo,120.0,3.92,4.0,0.04,1.978,0.4847
534,Evergreen,Zeleny,165.0,5.4,4.0,0.6,2.318,0.2735
535,Evergreen,Tanfileva,149.0,4.87,5.0,0.06,2.203,0.4769
536,Evergreen,Yuriy,189.0,6.18,2.0,1.69,2.479,0.0459
537,Evergreen,Demina,46.0,1.5,0.0,1.23,1.226,0.1099
538,Evergreen,Storozhevoy,10.0,0.33,0.0,0.57,0.572,0.2837
539,Evergreen,Anuchina,86.0,2.81,0.0,1.68,1.675,0.0466
